x,c_Ca(CO3)@,c_Ca+2,c_Mg(CO3)@,c_Mg+2,c_CO3-2,c_HCO3-,c_Cl-,c_OH-,c_H+,pH,Calcite_mol_m3,Dolomite-dis_mol_m3
-2.7755575615628914e-19,0.0,0.0,0.0,1.0,0.0,0.0,2.0,0.0,0.0,9.909808927646516,0.0,0.0
0.0,0.0,0.0,0.0,1.0,0.0,0.0,2.0,0.0,0.0,9.909808927646516,0.0,0.0
0.005,5.858762254538228e-16,9.999941884850602e-07,3.336115973986122e-10,1.000000001585336,5.640935165737124e-10,9.990964833710878e-07,2.000000003838714,0.00010635125962618742,0.00010535216396148805,7.001954667916507,0.0,0.0
0.005000000000000003,5.852303095651023e-16,9.99994071600749e-07,3.332438147397927e-10,1.0000000015860722,5.634750873139154e-10,9.990973526986953e-07,2.000000003841252,0.00010633570391871413,0.00010533660918659317,7.001954663758075,0.0,0.0
0.005000000000000004,5.854244125036187e-16,9.99994090350759e-07,3.3335436245247727e-10,1.0000000015861448,5.636591902862811e-10,9.9909707679802e-07,2.0000000038414285,0.00010633431392696895,0.00010533521928048902,7.001954664255598,0.0,0.0
0.01,5.855882744417173e-16,9.999938671959937e-07,3.334477429265189e-10,1.0000000015721193,5.638165371689451e-10,9.990966029158983e-07,2.0000000038108117,0.00010633202552823346,0.00010533292860337005,7.001954669075069,0.0,0.0
0.010000000000000009,5.853373077246409e-16,9.999938277077919e-07,3.333048125591689e-10,1.0000000015712975,5.635748323781097e-10,9.990969480628548e-07,2.000000003825989,0.00010636024675265728,0.00010536116658872338,7.001954634334413,0.0,0.0
0.01000000000000001,5.853769002839149e-16,9.999938154606926e-07,3.333273878199334e-10,1.0000000015715775,5.63614106924303e-10,9.990968739659484e-07,2.000000003826008,0.00010632531694480734,0.0001053262362689484,7.001954635031946,0.0,0.0
0.015,5.854635166971356e-16,9.999937889801637e-07,3.333767301351602e-10,1.0000000015345811,5.636963749577355e-10,9.990967158750707e-07,2.0000000036751286,0.00010639942728947187,0.00010540026978633393,7.001954793599555,0.0,0.0
0.015000000000000001,5.854515819950425e-16,9.999937697197537e-07,3.3336994045428304e-10,1.000000001529425,5.636848947270658e-10,9.990967148845722e-07,2.000000003671981,0.00010631998846125155,0.00010532083813794211,7.001954777952026,0.0,0.0
0.015000000000000008,5.854386142940466e-16,9.999937959716126e-07,3.3336254434344316e-10,1.0000000015030128,5.636726533571241e-10,9.99096760773912e-07,2.000000003702434,0.000106330645415545,0.00010533157833817176,7.001954607276797,0.0,0.0
0.01500000000000001,5.85263523574493e-16,9.999935960905885e-07,3.332628979008403e-10,1.0000000014834634,5.635055640727594e-10,9.990968276286148e-07,2.0000000037824526,0.00010633622129603168,0.00010533727346857249,7.001954363054063,0.0,0.0
0.02,5.857131756487502e-16,9.999937469927105e-07,3.3351885273368417e-10,1.0000000015218566,5.639374228559422e-10,9.99096290717121e-07,2.0000000030675995,0.000106320512833476,0.00010532077339152362,7.001955986924685,0.0,0.0
0.020000000000000018,5.859655278220583e-16,9.999937645758054e-07,3.3366249279414703e-10,1.0000000012999966,5.641800374794498e-10,9.990959220455317e-07,2.000000003164991,0.00010631729024336616,0.00010531809199450468,7.001954877517677,0.0,0.0
0.02000000000000002,5.84886694369977e-16,9.999935598312097e-07,3.330482936141141e-10,1.0000000010249255,5.631509780024242e-10,9.990973605595932e-07,2.0000000034523024,0.0001063669489906819,0.00010536858798498047,7.001953158429738,0.0,0.0
0.024999999999999967,5.880932047387002e-16,1.0008543746982422e-06,3.3471745250823224e-10,1.0000000011747403,5.659633164229018e-10,1.0027777697962335e-06,2.0000000010119408,0.00010634389431121263,0.0001053447577182689,7.001954751005174,0.0,0.0
0.02499999999999997,5.852699889258276e-16,9.9999353937194e-07,3.332665980531331e-10,0.9999999990072603,5.635105074349158e-10,9.99096762266452e-07,2.000000001947441,0.00010634471108849482,0.000105348880713019,7.001947971543338,0.0,0.0
0.025,5.90922713801725e-16,1.0022642712415552e-06,3.3572306816265725e-10,1.000000002690421,5.676637201975272e-10,1.0061739907370562e-06,2.000000000717087,0.00010635710013695789,0.00010535521715730497,7.001960381655436,0.0,0.0
0.025000000000000005,5.911228186915658e-16,1.0024843309998113e-06,3.35763027710109e-10,1.000000002590813,5.677316303925068e-10,1.0062931941423128e-06,2.0000000007214984,0.00010633449969838498,0.00010533249956651184,7.001960621119682,0.0,0.0
0.029999999999999968,6.105576295574138e-16,1.011879478228733e-06,3.4356534949170165e-10,1.0000000049754623,5.809240373493768e-10,1.0296393163256704e-06,1.9999999932436625,0.00010632845343282993,0.00010531878837870829,7.001976335971446,0.0,0.0
0.02999999999999997,5.852904173945557e-16,9.999935293925838e-07,3.332782363667746e-10,0.9999999906401901,5.635305909150289e-10,9.990967205653016e-07,1.9999999960842996,0.00010634855225883406,0.00010536359290155752,7.001925683162744,0.0,0.0
0.03,6.268161413134495e-16,1.0195959581980775e-06,3.5006188046083775e-10,1.0000000139651966,5.919087691960486e-10,1.0490358738584434e-06,1.999999992413888,0.00010641043448044821,0.00010538594575042349,7.00200672936308,0.0,0.0
0.030000000000000002,6.261291659959232e-16,1.0192699616114768e-06,3.4978937913763104e-10,1.0000000134776763,5.914480226606779e-10,1.0482234285034944e-06,1.9999999924442327,0.00010635579796330452,0.00010533215324458854,7.002004998412631,0.0,0.0
0.034999999999999976,7.392609175181584e-16,1.0704569951932297e-06,3.927818831704839e-10,1.000000045142575,6.641426956593537e-10,1.1767028413876554e-06,1.9999999675984288,0.00010635635336432696,0.00010527078377917734,7.002131961170997,0.0,0.0
0.03499999999999998,5.850453600067041e-16,9.999935241014984e-07,3.331386728469047e-10,0.9999999593825782,5.632943006294208e-10,9.990970911280223e-07,1.999999975650936,0.00010630475006276106,0.00010536187247343032,7.00183940413737,0.0,0.0
0.035,8.334008173695818e-16,1.1114479827856833e-06,4.269572816670903e-10,1.000000093253148,7.219287933086888e-10,1.2786258044587782e-06,1.9999999654942406,0.00010643354936822965,0.00010526971100945587,7.002292434358478,0.0,0.0
0.03999999999999997,1.6622602310307599e-15,1.3943069601188281e-06,6.689488587453332e-10,1.0000003474417851,1.131104650997057e-09,1.9989031676697983e-06,1.9999998891365462,0.00010663101594666992,0.00010503782037931077,7.003172745693428,0.0,0.0
0.03999999999999998,5.847713433470536e-16,9.999935213420834e-07,3.329826159107706e-10,0.9999998759995201,5.630309834108744e-10,9.990975077427616e-07,1.9999999105998978,0.00010623109184769982,0.00010538992923040122,7.0016308612882625,0.0,0.0
0.04,2.426436010422948e-15,1.619299469276713e-06,8.532468639525901e-10,1.000000605784018,1.4427281574361555e-09,2.544935277398847e-06,1.999999883652467,0.00010683712799918304,0.00010481843422515218,7.004045130640646,0.0,0.0
0.04000000000000001,2.390630557445566e-15,1.6083710583166726e-06,8.459902137998272e-10,1.0000005953076996,1.430458125730569e-09,2.5235369751627528e-06,1.9999998841788593,0.00010682904060946677,0.00010483225984439524,7.004000205146662,0.0,0.0
0.04499999999999997,1.2774069655940596e-14,3.118001152317277e-06,2.2072418659117204e-09,1.000002231590345,3.7321513055341015e-09,6.495713763247801e-06,1.9999996647217266,0.00010816957589082215,0.0001036382926885842,7.009196121475448,0.0,0.0
0.04499999999999998,5.844803456180904e-16,9.999935226072065e-07,3.328168965552573e-10,0.9999996845132509,5.62749934711422e-10,9.990979557759398e-07,1.9999997187945486,0.00010622971779013946,0.00010557972224745034,7.001238969737039,0.0,0.0
0.045,2.3915769966448397e-14,4.304347724475118e-06,3.163816853798386e-09,1.0000035332006112,5.349588165267573e-09,9.226410105424532e-06,1.9999996517845944,0.00010932310612263424,0.00010253690332727538,7.013817989628654,0.0,0.0
0.045000000000000005,2.3519965102533254e-14,4.25869716574426e-06,3.140742880686024e-09,1.0000034986585156,5.310573269394258e-09,9.162956956876498e-06,1.9999996534973485,0.00010927375840020453,0.00010258612248969953,7.013615983928461,0.0,0.0
0.04999999999999998,2.824683680944921e-13,1.265664214296753e-05,1.1782206622310643e-08,1.0000134241673686,1.9921985412663268e-08,3.183094933912141e-05,1.99999906071188,0.00011710972077562166,9.587960694245774e-05,7.043341680506681,0.0,0.0
0.04999999999999999,2.514860758648303e-15,9.999935210363725e-07,1.4320220203313275e-09,1.0000003613060953,2.4213612050293466e-09,4.328369072428583e-06,1.9999991900217697,0.00010547786130919797,0.00010627849564147512,6.998264985564153,0.0,0.0
0.05,5.440917107888598e-13,1.8303073999063795e-05,1.6927360363891858e-08,1.0000192688186877,2.8621601730359276e-08,4.3794341124354907e-05,1.9999990316928868,0.00012326258458416383,9.100207642526246e-05,7.065798290230915,0.0,0.0
0.05000000000000001,5.479240125923314e-13,1.830873670408463e-05,1.7008945524112035e-08,1.0000193462059022,2.8759547536648125e-08,4.400299819815009e-05,1.9999990367523461,0.00012323719865852247,9.102458308522628e-05,7.065699914153058,0.0,0.0
0.054999999999999986,1.4161416112326144e-11,7.024956496811279e-05,1.0730391393695131e-07,1.0000810023831024,1.814272047966936e-07,0.0001795879780740594,1.9999975231459404,0.000186275002672842,6.124508496113162e-05,7.241265184159914,0.0,0.0
0.05499999999999999,6.585387485492813e-13,1.5964045821063115e-05,2.3489945797274906e-08,1.0000249802547274,3.9717760333883495e-08,6.452841035272319e-05,1.9999978180145377,0.00011610170268185318,9.663896199578362e-05,7.039759062271642,0.0,0.0
0.055,2.5983892618141097e-11,9.418783816970354e-05,1.5710414961212087e-07,1.0001036326275923,2.6562576811357423e-07,0.00022420702473105114,1.9999974615069833,0.00022363699439346914,5.0195846120107094e-05,7.324087658343554,0.0,0.0
0.05500000000000001,2.6021178531872658e-11,9.400298675499964e-05,1.5721566392383765e-07,1.000103723633634,2.658141790201659e-07,0.00022462398832440348,1.999997475071714,0.0002231639896759136,5.034143729164193e-05,7.322976425293614,0.0,0.0
0.05999999999999999,1.3953807861461628e-09,0.0003681793851840886,2.0243201901504356e-06,1.000423358883022,3.4219413397433696e-06,0.0009147306816577174,1.9999938018115566,0.000684849590422411,1.7149429902349828e-05,7.800763270487904,0.0,0.0
0.06,1.2702694483114657e-09,0.00029000738072266846,1.6476927073532458e-06,1.000350666524012,2.785240826801347e-06,0.000769971601740428,1.9999940587518563,0.000546891456476015,3.5144482265008175e-05,7.59481235252544,0.0,0.0
0.060000000000000005,2.5086914643061276e-09,0.0004713759481787575,3.024094212973823e-06,1.000508387485464,5.11180323165378e-06,0.0010707511859405982,1.9999937161880657,0.0008973409547373264,1.25050679200255e-05,7.928071326844321,0.0,0.0
0.06499999999999999,7.889422752812598e-08,0.0014897744142860414,3.0206395559237958e-05,1.001696512889054,5.102511350814661e-05,0.0036608192506562376,1.9999855612496238,0.0026284122701435036,4.268390759555065e-06,8.394621195640186,0.0,0.0
0.065,1.7519431910758673e-07,0.001839590642108942,4.70085600652465e-05,1.001982713516782,7.938871670975318e-05,0.0041667706827613685,1.9999853044081235,0.003339506954569408,5.751161091688662e-06,8.418707223764985,0.0,0.0
0.06999999999999999,2.2910245616877723e-05,0.011130665346904533,0.0011809264189972313,1.010176127136476,0.0019861860339577134,0.019835929195136368,1.9999665555089938,0.018839325034703445,5.968399877998454e-07,9.249513198440443,0.0,0.0
0.07,2.013445963325176e-05,0.010593244821403497,0.0010834034703679028,1.0097136898724064,0.0018226468627456638,0.018959095532505806,1.9999676186622701,0.01804248647518681,6.25007834396144e-07,9.230111935376595,0.0,0.0
0.07000000000000002,2.1490037450503503e-05,0.010884579037582696,0.001132700958933517,1.0099467027250553,0.0019053052212085835,0.0193854276939774,1.999966349916472,0.01850078317333233,6.077009228157515e-07,9.241652467343958,0.0,0.0
0.075,0.000636599512002402,0.03944922594887396,0.009465144075474496,1.0307469389139001,0.015781132393948603,0.05489325882175868,1.9999269322056248,0.054010082610333104,2.087000654995845e-07,9.706452742446908,0.0,0.0
0.07500000000000001,0.0006587056855624423,0.039953829425071447,0.009656614459941287,1.0310806441597828,0.016098613738470734,0.05540696677541231,1.9999283771168586,0.05453658258197266,2.0678147686491597e-07,9.710494369561072,0.0,0.0
0.08,0.002248248298140992,0.06574509284581785,0.020403701857468967,1.0476185913590168,0.03383173945650735,0.08004375958585637,1.999849124420351,0.07917114810984592,1.4261939827171383e-07,9.872078783373672,0.0,0.08181295823829841
0.08000000000000002,0.0022479274881535617,0.06573997240294345,0.020403578138977394,1.0476165907433188,0.03382814602052158,0.08003740399134815,1.9998521607134767,0.07916741216555402,1.4261889691078576e-07,9.87208294676391,0.0,0.08754100692965579
0.08499999999999995,0.002247568338599424,0.06578832338494525,0.020387539020539282,1.0474846622893517,0.033808878121104995,0.08005295353642385,1.9996963594732646,0.07917904479601698,1.4269932169362207e-07,9.872013557819674,0.0,0.10655029912756403
0.08499999999999996,0.0022490293256693474,0.06577677625258195,0.020401677274687162,1.047484021016782,0.03382768932939571,0.08001427131960247,1.9997118795247626,0.07914020763657202,1.4260099998011688e-07,9.872019719899633,0.0,0.10565111692544077
0.085,0.002249170138514753,0.06578252342092979,0.02040149378892544,1.0474626398720197,0.03382166165483533,0.08001318144464133,1.9996942984551815,0.07913966597704726,1.426006416950778e-07,9.872011395803417,0.0,0.10789086343196001
0.08500000000000002,0.002248283622337277,0.06578940501678168,0.020391027162470772,1.047480946033091,0.033812371772763215,0.08004670050014168,1.9996958737120334,0.07917352701301998,1.4267097647881485e-07,9.872013757703401,0.0,0.10921823735388597
0.08999999999999996,0.0022509825979945804,0.0658735127056836,0.020369749678541944,1.0472060948527093,0.03378595434700449,0.0800249717250671,1.9994111718797534,0.0791513055580314,1.4274007508288104e-07,9.87188704236496,0.0,0.1114212107661898
0.08999999999999997,0.0022507554446042147,0.06586096253453343,0.02036878508867903,1.0472380785280084,0.033791087044317554,0.08002629756148534,1.9994373058407822,0.0791524473330669,1.42698886220061e-07,9.871902791327539,0.0,0.10985118217824372
0.09,0.0022509641867839796,0.06586855081909747,0.020375331761433135,1.0471888254026267,0.033780327150148115,0.08000993943254299,1.9994080061241386,0.0791362953351274,1.427486567823009e-07,9.871880873071916,0.0,0.11209779698120946
0.09000000000000001,0.002251214021510263,0.06587119908201927,0.020375216247840267,1.0471957076138212,0.03378516521114425,0.08001320457455735,1.999410918243253,0.07913950289320912,1.427416269581354e-07,9.871882487187538,0.0,0.11188889197985868
0.09499999999999996,0.0022555164227681043,0.06605193576089916,0.020331353676623816,1.0466823694670202,0.03374591443160001,0.07997425779461055,1.9988995191616774,0.07910314745127901,1.4281492795854425e-07,9.871637223337135,0.0,0.11285047815564676
0.09499999999999997,0.0022555766830172686,0.06603442106795544,0.02033929150264514,1.0467366826530953,0.033759249648441694,0.07997661083870593,1.99894191393752,0.07910532615640968,1.4278741793457743e-07,9.871670472227741,0.0,0.11051024100303071
0.095,0.0022540135877398763,0.0660557542356371,0.020341808401497352,1.0466624866017509,0.03375571985622775,0.07995071886120585,1.9988948653060237,0.07907960057421616,1.42779125297267e-07,9.871630822003775,0.0,0.11334362408051199
0.09500000000000001,0.0022564877431851724,0.06605635856271483,0.020331284089203597,1.0466835251010735,0.033746839515779316,0.07997869160090637,1.9989000354195392,0.07910750409149395,1.4281592162533145e-07,9.871636343384251,0.0,0.11202892420067231
0.09999999999999996,0.002262410817671266,0.06641240407888446,0.02027070055152371,1.045703753193787,0.03367095087910086,0.07987172099535103,1.9980137104344737,0.07900512431962818,1.429623120593323e-07,9.871145145635912,0.0,0.11297910708257256
0.09999999999999998,0.0022609987806511815,0.06636972556214624,0.020280892509945362,1.0457921218501076,0.03368161924759422,0.07987368976143372,1.9980800243589092,0.07900688514228625,1.4293330978076655e-07,9.8712018248044,0.0,0.10992998266711596
0.1,0.002263672651847393,0.0664203118958166,0.020263515709925642,1.0456997615683254,0.03366416452614168,0.07988568840736471,1.9980071775697879,0.07901909488714581,1.4298829758685307e-07,9.87113717441823,0.0,0.11202354593733177
0.10000000000000002,0.0022619834483689656,0.06641914752440392,0.020277169532385515,1.045697167043567,0.03367955582831756,0.07986216482021977,1.998015975359007,0.07899552023851561,1.4293843550936855e-07,9.871142426138666,0.0,0.11239000813102881
0.10499999999999998,0.002276007396296447,0.0671110872195505,0.020160397138776574,1.043926289221334,0.03352423362666254,0.07967713244944513,1.9965321595864007,0.07881713682495761,1.4323235981094183e-07,9.870188073538198,0.0,0.11276281114109496
0.105,0.0022766129643100414,0.06707671191589298,0.02015263864454312,1.0440087194854868,0.033522028548899456,0.07970461704751564,1.996577837898871,0.07884449402478436,1.43266210562015e-07,9.870233120222437,0.0,0.11208458670545232
0.10500000000000001,0.002277008885521406,0.06711357787738106,0.020146562569093616,1.0439341104618085,0.03351461603576085,0.07969426548177401,1.9965378000915461,0.07883422231570766,1.432821704947597e-07,9.870180676906118,0.0,0.11260140774252578
0.10999999999999999,0.002301335208161853,0.06843064654563548,0.01991679431702923,1.0407944095404362,0.033223680074968884,0.07935902140361847,1.994135642155317,0.07850823235526085,1.4389199093243088e-07,9.868369113426047,0.0,0.11275483073279519
0.11,0.0023002147654480015,0.0683733443015258,0.019939278031806503,1.0409036249043793,0.03324436578991589,0.07935662931238728,1.9942030390306686,0.07850568230582836,1.4381690617638881e-07,9.86845155862192,0.0,0.11134879588482112
0.11000000000000001,0.0023023910070997466,0.06843889954439011,0.019924502445882904,1.0407818766210368,0.03322731649054177,0.07934538311644383,1.994147150973538,0.07849452912322238,1.4386343392708034e-07,9.868357648035872,0.0,0.11200329400677353
0.11499999999999999,0.002349001506715179,0.0709195135881551,0.019526094606888922,1.0352788482442685,0.032709597485191755,0.07871667221577167,1.9903826624578815,0.07787833896634594,1.4494553522950086e-07,9.86501248198742,0.0,0.11306446811440626
0.115,0.0023469854238861703,0.07081022880044019,0.01953014446174855,1.0354942893049888,0.03272224631278761,0.07876224170439239,1.9904787271196358,0.07792371970728149,1.449460269977672e-07,9.865158531456938,0.0,0.11162588683468226
0.11500000000000002,0.002350750851152065,0.07093001147088146,0.01951722728357695,1.0352785097758952,0.03270236001051665,0.07872365493942154,1.9904035790905872,0.07788523342132007,1.449788084016524e-07,9.86499443339348,0.0,0.11235282155245876
0.11999999999999998,0.002435948901761009,0.07556778052664789,0.018827568708050937,1.025788182896671,0.031799366928477735,0.07762399849551777,1.9846873160568332,0.07680202538148904,1.4694415787607518e-07,9.859015831091067,0.0,0.11294084021507755
0.12,0.0024332149489425152,0.07537066137084523,0.018852963289575878,1.0261345935265007,0.03183399245938666,0.0776726051891363,1.984819651449235,0.076850415110258,1.4687271078420775e-07,9.859266429951516,0.0,0.11119023272525502
0.12000000000000001,0.0024354905579336943,0.07558463996975688,0.01882435444282072,1.025776380368582,0.03179215467106107,0.07761881767055183,1.9847223301928731,0.07679673043236283,1.4696123249854311e-07,9.858988025127719,0.0,0.11202716780310568
0.12499999999999999,0.0025924381275209533,0.08424308063961507,0.017703647273658675,1.0096100255483258,0.030317713671760282,0.07578388360509376,1.976304273470174,0.07498277830564101,1.503485475390693e-07,9.84877090763787,0.0,0.11294083170184219
0.125,0.0025900218419197935,0.08406925723131614,0.017702681728553212,1.0099072406447682,0.03032675727125028,0.07584054006975564,1.9764198466511254,0.07503924489540598,1.5040661875185773e-07,9.848957519669874,0.0,0.11165502049664001
0.12999999999999998,0.0028703360511179448,0.10047734587462302,0.015982017822033304,0.9823291016276021,0.028067288318048084,0.07296377384141887,1.9643261690693508,0.07218853161807035,1.5616048589883145e-07,9.832329127494368,0.0,0.11168019361004598
0.13,0.002864689531237985,0.1001340328949743,0.016009878652005524,0.9828385645622003,0.028104633431783883,0.0730155828591463,1.9644803696918105,0.07224013156493972,1.5606511503491767e-07,9.832643478312646,0.0,0.11135294293963309
0.13499999999999998,0.00336407799025954,0.13150118904041103,0.01363501423566904,0.9359742767361499,0.0250415583037767,0.06895665828385261,1.9476987454452326,0.06821257637538383,1.6515890077842853e-07,9.807938983881048,0.0,0.11160577088664367
0.135,0.0033511277583451573,0.13064854129298958,0.013683988166261181,0.937153794357199,0.025115178979906946,0.06906870919744218,1.9479813955393825,0.06832437354354519,1.649398064513558e-07,9.808539054252595,0.0,0.1104577344958255
0.13500000000000004,0.0033562484977523272,0.1309778188342017,0.013653156241453277,0.9366519750667055,0.02507456317253397,0.069020612431898,1.9478136696376462,0.06827634449706106,1.651098588516273e-07,9.808292585392147,0.0,0.1104384961540483
0.13999999999999999,0.004149272408242864,0.1846671233796447,0.011050135298601115,0.8640466315900522,0.02190225141699166,0.06453646334049906,1.925257827682138,0.06382889242057942,1.7633780577217946e-07,9.779262485894899,0.0,0.11002927851609337
0.14,0.004150859968981282,0.1848212508974026,0.011053118757991216,0.8640322832146998,0.02189391416320583,0.0645145770683345,1.9255980739389875,0.06380676522621895,1.7633574794243e-07,9.779168676784398,0.0,0.10901172234436306
0.14000000000000004,0.004125659074074608,0.18297576384267666,0.01112154209873459,0.8660150918831211,0.02198487352124406,0.06465353283593488,1.9254128447153658,0.0639457629072315,1.7604942485033025e-07,9.780039625719365,0.0,0.10835070116392106
0.14499999999999996,0.00552513098337299,0.2821718458029058,0.008301876526028255,0.7445141393150496,0.018992424758522516,0.06013164002367195,1.8957899739696038,0.05946569569866683,1.889730768350933e-07,9.748832537466821,0.023692605599768376,0.09457179077472286
0.145,0.005530178175131153,0.2825500012372035,0.008293485976233504,0.7443157640425958,0.018985731724840603,0.06012039048920449,1.8961856333665437,0.05945423228408375,1.890299145157069e-07,9.74871437119248,0.03280225328154925,0.08982571181249724
0.14500000000000002,0.005530089986666102,0.28256832017215305,0.008293798099543996,0.7441904994799586,0.01898207309126665,0.0601148315449438,1.8959901645983517,0.059448686017109786,1.890387145929975e-07,9.74872079211538,0.046099549284836616,0.08257497191751584
0.14999999999999997,0.005532517234896625,0.27757243325592323,0.00829576039785768,0.7309758413925381,0.019256948241757096,0.06054240719802599,1.8581177820403094,0.05992265088088305,1.8730580976761479e-07,9.752414893350391,0.1731380488834831,0.016727143007692284
0.15,0.005532656496427771,0.27778375846774456,0.008292560531608801,0.7309615730779577,0.019241100006211164,0.060533303741581015,1.8585619727922202,0.05991337393918625,1.8739400560251704e-07,9.752283372398235,0.16493948605469272,0.021307047498066632
0.15000000000000002,0.0055327907144058375,0.277500752762652,0.008304541605197113,0.7311815899936306,0.01925863941448353,0.060550871352574656,1.8583657996022371,0.059930923109302245,1.8738051589877342e-07,9.752489550394849,0.1867591124554166,0.009643952933661885
0.15499999999999997,0.005533538416773278,0.26744130384873566,0.008478058329953783,0.719321122403639,0.019893621552247664,0.061555140388790924,1.8111973313713792,0.06098532153804475,1.8389796074413153e-07,9.760237547952972,0.20486887072708324,0.00016339657352329294
0.155,0.005533288169160074,0.2676341645771567,0.008468070549822286,0.7193432991420645,0.019888436653661225,0.06153509888922809,1.811677981309947,0.06096515779748754,1.8386554279739374e-07,9.760081002973116,0.20473965259875312,0.0001687851827377238
0.15500000000000003,0.00553321119283972,0.26833653568850735,0.008440073242019133,0.7183724756701302,0.01980763953095247,0.061440223629353294,1.8114924696900885,0.06087023468892171,1.8435299333840103e-07,9.759475294099701,0.20528534025782894,0.0
0.15999999999999998,0.005533674344732198,0.2604643548928197,0.008454959460194953,0.6988886814198619,0.020297609122007607,0.062200257736364076,1.7542277127461452,0.06168306546823615,1.8156939720779744e-07,9.76551378993247,0.20534056085584507,0.0
0.16,0.0055331677137814145,0.2605188140022812,0.008453625681573852,0.6990453929622782,0.02028110562202458,0.062177891853374995,1.7547278562247461,0.06166063627581745,1.8166886939931225e-07,9.765435232371324,0.2052985435983536,0.0
0.16000000000000003,0.00553364949978051,0.26056671654128427,0.0084521161568063,0.6989345933595796,0.020289623395921413,0.06218792202209532,1.7545650406410402,0.06167059195652769,1.816097783724401e-07,9.765429248323748,0.20531772877941662,0.0
0.16499999999999998,0.005533109601036281,0.2529406639168147,0.008393609148670541,0.6738545301268697,0.020745004944892325,0.06290398779501438,1.686755687939475,0.06244088134249931,1.7887940502724363e-07,9.7712521161286,0.2054571496156868,0.0
0.165,0.005533566187813647,0.25296465123689493,0.008396356616019517,0.6740477283395852,0.020726652647679852,0.06289019636408144,1.6872543479323874,0.06242708858024594,1.7901911427900504e-07,9.771212530039417,0.20528096902079418,0.0
0.16500000000000004,0.005533355999912943,0.25296915069455406,0.008394389507971452,0.6739939612793187,0.020734458522813227,0.06289747637339152,1.6871257355775713,0.06243427396437713,1.7901322108854046e-07,9.771229716722146,0.20533300897058493,0.0
0.16999999999999998,0.005533265937703816,0.24458569226618854,0.008302469565033738,0.6445585135774343,0.02124749969814898,0.06371964955878467,1.6087631542916614,0.06331078462135764,1.7618085619493946e-07,9.777780022300476,0.20544038785028895,0.0
0.17,0.005533172110522599,0.24464723752800943,0.008303488247762392,0.6447514228571218,0.021263369223191136,0.06372138469130964,1.6092367949430129,0.06331257880189303,1.7611233526282872e-07,9.777750366946819,0.20527905902552163,0.0
0.17000000000000004,0.005535668836301508,0.24464844798073454,0.008302987520923519,0.6447105733829313,0.021263819291214816,0.06372368076369225,1.6091521322308906,0.06331476723967142,1.7608935250961694e-07,9.777749977916267,0.20529075129768962,0.0
0.17499999999999996,0.005533190687025835,0.23553076307336435,0.008175738193944945,0.6111770403176789,0.02185768373859279,0.06466564508946315,1.5207248745707234,0.06430989259186987,1.7294715519911934e-07,9.785081607250815,0.20533611330169732,0.0
0.175,0.005537069874859565,0.23554079258585842,0.008177036990475265,0.6113549639124023,0.021846086976847708,0.06465292530800562,1.521149299666658,0.06429728714529213,1.7307712967337624e-07,9.785057080497033,0.20526546676353774,0.0
0.17500000000000002,0.0055355979197130286,0.23554521821300983,0.00817669406018171,0.6113321227655178,0.021844741772570026,0.06465284109453376,1.5211154404577039,0.06429708996207943,1.7310240176487553e-07,9.785054826403828,0.20532778186118028,0.0
0.17999999999999997,0.005533419732277424,0.22588220007855314,0.008006573772093985,0.57402211762948,0.022528829281875204,0.06571466504795542,1.4236267607712847,0.06540972058663022,1.6955355418463794e-07,9.793090553566785,0.20524248303200604,0.0
0.18,0.0055350754223376965,0.2258965777005599,0.008008297452028034,0.5741748282229702,0.02252245529508508,0.06571180458191178,1.4239792456782778,0.06540702055985675,1.6956315668738196e-07,9.79308338890057,0.20515775867259514,0.0
0.18000000000000002,0.005531417489832421,0.22590829684807118,0.008007691915077667,0.5741741194815333,0.02252481324855836,0.06571046557012923,1.4239993398128945,0.06540557036565248,1.6958658392619036e-07,9.79306795949655,0.20519234214652057,0.0
0.18499999999999997,0.005533631848037918,0.21588102943114823,0.007787804500587688,0.5336041744630593,0.023272185005449444,0.06687208388737372,1.3189394709878517,0.0666146488428273,1.6594053653125978e-07,9.801700269399262,0.20518022586999904,0.0
0.185,0.0055283437392127715,0.21591134692471003,0.00778908935229561,0.5337236627267645,0.02328642970821348,0.06687686659119649,1.3192008321733968,0.06661962692706411,1.6580513494459955e-07,9.801693899550918,0.20509578988210986,0.0
0.18500000000000003,0.00553557695859502,0.21590488674879915,0.007789024871298588,0.5337447203871422,0.023272541068059323,0.06686884660863766,1.319273947753602,0.06661150371525446,1.659417301670361e-07,9.801682202699583,0.2051660836312429,0.0
0.18999999999999997,0.005532902526275587,0.20575229383007435,0.007513209863011027,0.4906223780188532,0.024095444249350582,0.06811242955303505,1.208547744673646,0.06789844312315682,1.62150683656488e-07,9.810763850454915,0.20513443833190925,0.0
0.19,0.005535672444601852,0.20573497681636574,0.007514761062020543,0.49070115635189837,0.024078036739281175,0.06811301538802823,1.2087040922596102,0.06789924743520681,1.622248792882264e-07,9.810773996851337,0.20507439592469218,0.0
0.19000000000000003,0.005530550879991249,0.20575141262597416,0.007514892936058544,0.4907426796798894,0.02407500260329894,0.06811343290089511,1.2088253348261042,0.06789957391192854,1.6223379863569553e-07,9.810760533987526,0.20508330011018638,0.0
0.19499999999999998,0.005528851581849117,0.19569120426859837,0.007180105234707436,0.4459203522348314,0.02495007655490713,0.06942825766631683,1.0946417069117609,0.06925315364593457,1.583269671442999e-07,9.820144981072637,0.20506633136147245,0.0
0.195,0.005530304071792775,0.1956830472606853,0.0071809360113589855,0.44595526939295593,0.02495524947167577,0.06942775324259552,1.0946856610278113,0.06925287855338685,1.5845986256645438e-07,9.82015511283217,0.20498290912798722,0.0
0.19500000000000003,0.0055350876427086824,0.1956663588096332,0.007181738378434619,0.4460137354972683,0.02491990967942794,0.06942436360243308,1.0948467511958766,0.06924941297381434,1.5851717676136834e-07,9.820147654469183,0.20505973990277176,0.0
0.19999999999999998,0.005531775251183618,0.18588943530329113,0.006785401110419961,0.4004350222276129,0.025832018845721144,0.07077240218180617,0.9795812643916357,0.0706313655340026,1.547370786097215e-07,9.829634675058706,0.20498385545557135,0.0
0.2,0.005533614444691181,0.18587555471779701,0.006787437946079909,0.40042289589071434,0.02582815463738167,0.0707845396813824,0.9795124749689634,0.07064373200950563,1.5471759212317092e-07,9.829668341673262,0.204945348808321,0.0
0.20000000000000004,0.005528741753371065,0.1859100087397244,0.00678781382819042,0.40049530535939265,0.02584329524472663,0.07078118032042055,0.9797026993733455,0.070640312682035,1.5466702021539628e-07,9.829646214794892,0.20494941691225088,0.0
0.20499999999999996,0.005537654740404244,0.17656433022945553,0.00633659512366606,0.3551250405930855,0.026718645780826458,0.07215272427987224,0.8657479514007567,0.07204092555809766,1.5115529756858585e-07,9.839089905061066,0.20490235192651024,0.0
0.205,0.005532345714069305,0.17654423978802103,0.006336381053357985,0.3550709359090328,0.02673985326987182,0.0721447412387999,0.8655728926543154,0.07203316205691725,1.5109566831924918e-07,9.839114811550239,0.2049788252352931,0.0
0.20500000000000002,0.005532147295692505,0.1765951353445579,0.006337150632659043,0.35515171217587227,0.02675177782622245,0.07216082439445644,0.8657802651286151,0.07204920085675243,1.509914083779499e-07,9.839099043801848,0.204889742387157,0.0
0.20999999999999996,0.00553734231113661,0.16788495651932944,0.0058352262985646944,0.31092659747653445,0.027638706966747487,0.07351669803671688,0.7553996522240577,0.07342949146396818,1.4766650986305507e-07,9.848276117613107,0.20484706252803653,0.0
0.21,0.005530815554094342,0.16787517370804617,0.005834307451090646,0.3108331678725378,0.027667050987884436,0.07351948809356175,0.7551307560186777,0.07343248453546078,1.474623011826163e-07,9.848307735025982,0.20484277253534316,0.0
0.21000000000000002,0.005533955452214087,0.1678837681250389,0.005835501157973171,0.3109173286253567,0.027652010285652166,0.07352106466302014,0.7553432247160654,0.07343403113537295,1.475849716963336e-07,9.848294897237501,0.20482811184258135,0.0
0.21499999999999997,0.00553269171856771,0.15993279100780522,0.005293691833919877,0.2686811290778562,0.02854323036487983,0.07483296025715086,0.6505425282901902,0.07476603515185944,1.4425763741540846e-07,9.857036695576177,0.204803713745089,0.0
0.215,0.00553754596676726,0.1598717423669203,0.005292727063697577,0.2685540031594119,0.02851955074492894,0.07484124224576447,0.6501967922627316,0.07477449944960021,1.4439528989566689e-07,9.857088756113113,0.2048078087399453,0.0
0.21500000000000002,0.005531333063682526,0.15991346957306868,0.005293390132125679,0.2686378222801997,0.028549816855911944,0.074833259641933,0.6504033360288192,0.07476649853851233,1.442145515920728e-07,9.857057921485218,0.20478112020473999,0.0
0.21999999999999997,0.005533580506164091,0.1527151128389017,0.004726205316775218,0.2290990697450752,0.029356479390124472,0.07606731609533937,0.5528314318506681,0.07601679986348582,1.4142178820240951e-07,9.865218433282664,0.20478107084994934,0.0
0.22,0.005533159398649081,0.15268515176278186,0.004724162960588505,0.22894699835300453,0.02936738723537569,0.07607564784186785,0.5524287290911698,0.07602529019398992,1.41366206345928e-07,9.865262842461636,0.20477919166148126,0.0
0.22000000000000003,0.005533601418214058,0.15268365596825378,0.004725423500186619,0.22902532269336365,0.029354370955351913,0.076069762425718,0.552620198238587,0.07601939619331897,1.414450930003596e-07,9.865247762222793,0.20478244006388147,0.0
0.22499999999999998,0.005534542078551127,0.14636358247023362,0.004148806847728325,0.1927282737467816,0.03013356497459646,0.07722417720076451,0.46350585366228103,0.07718669034851271,1.3872672076162057e-07,9.872706870128196,0.20473768797404912,0.0
0.225,0.005533865817056222,0.1463171526587928,0.004146183183682274,0.19255917974041692,0.030134942665707154,0.07722656598431671,0.4630671385792632,0.07718921361963148,1.3871620625499976e-07,9.872750672266307,0.2047547441712164,0.0
0.22500000000000003,0.005534592368244788,0.14633991246176398,0.004147431315422312,0.19262951870425854,0.03013937858767107,0.07723040270326118,0.46323679252956707,0.07719304862878307,1.3870490835653653e-07,9.872741489321754,0.20472508706997977,0.0
0.22999999999999998,0.005533380527533003,0.14080765146225652,0.0035784555424739177,0.15993870809206245,0.030822917321115896,0.07825534097057191,0.3833636664442942,0.07822801341481923,1.3636327923818974e-07,9.879402967392778,0.20472534901231274,0.0
0.23,0.005533373616311385,0.14077018595488153,0.0035754069261213035,0.1597608484060203,0.030827414694084995,0.07826263952372728,0.3829093129896769,0.07823542317143303,1.363512035304411e-07,9.879449815663907,0.2047330032421929,0.0
0.23000000000000004,0.005533373641544107,0.14077939340563417,0.003576534077245132,0.1598212604383661,0.03082671051332727,0.0782611120671112,0.38305301223076405,0.07823389871653422,1.3635306343884022e-07,9.87943941593257,0.20474462043200814,0.0
0.23499999999999996,0.005532593543444646,0.13605435433724256,0.0030315904330774825,0.1309227660955281,0.03143616834963691,0.07916553375694435,0.3127705161830652,0.07914598847759938,1.3425134131586194e-07,9.885275713551037,0.20473065695701775,0.0
0.235,0.005532504328453694,0.1360375440657633,0.003028145439309453,0.13074390674640696,0.03145854116237448,0.07917323785161409,0.31231893330086735,0.07915378227081526,1.3412370522430187e-07,9.885319213655887,0.20469825100375055,0.0
0.23500000000000001,0.005532614521656706,0.13602794872203633,0.003029211929771608,0.13079332868480925,0.03144180884859214,0.0791717432274616,0.3124350345669352,0.07915229355231493,1.3423020486064067e-07,9.885312954965997,0.20471040122560658,0.0
0.23999999999999996,0.005531836935260786,0.13203810784908315,0.0025231042742612196,0.10570834713516744,0.031958214505297844,0.07994560101955377,0.25169909682946273,0.07993191555176446,1.3244288368313286e-07,9.890318077069029,0.20470508644885954,0.0
0.24,0.005531825188525907,0.1320058982891508,0.0025198054672734053,0.10553465615820384,0.03196234876469574,0.07995221337746408,0.25126573156629994,0.07993859885277199,1.3243121809778945e-07,9.890360144318018,0.20470808142419367,0.0
0.24000000000000002,0.0055318268235880225,0.13201074552770048,0.002520639329883483,0.1055731931958172,0.0319620269907786,0.07995140842383519,0.25135474645094796,0.07993780102293417,1.3243222641446222e-07,9.89035466221925,0.20470609085964708,0.0
0.24499999999999997,0.0055313946422322555,0.12869410184956326,0.0020607744348635055,0.08418662053846436,0.0323894389587098,0.08060088805943277,0.19979026775428943,0.0805915419828731,1.3093795960835046e-07,9.894561425964852,0.20470316645286935,0.0
0.245,0.005531389523102434,0.1286646171630924,0.002056404303309995,0.08402464900957254,0.032393367024598815,0.08060709311811384,0.19938703419742143,0.08059780190690385,1.3092630153172318e-07,9.89459948928015,0.20470647946483522,0.0
0.24500000000000002,0.00553138956758061,0.12866758261460903,0.002056869178451094,0.08405312187358872,0.032393202633882436,0.0806066397835973,0.19945113889135377,0.08059735596072215,1.3092704659582714e-07,9.894596072212714,0.20470683116207417,0.0
0.24999999999999997,0.005531241404506153,0.1259558609057145,0.0016539883999635943,0.06613201717237373,0.0327386151544974,0.08113890550096711,0.1564270284198881,0.08113272162040643,1.296940800213813e-07,9.89806143799478,0.20471785937409864,0.0
0.25,0.005531238468313703,0.12593156353133175,0.0016508334773928956,0.06599317260688833,0.03274216252065477,0.08114401573944487,0.15608338425133547,0.08113787692657232,1.296822219793425e-07,9.898093943457098,0.20471698058703655,0.0
0.25499999999999995,0.005531299998678348,0.12374586207833974,0.0013053603366449218,0.051242201465717785,0.0330100219808091,0.08157372082601261,0.12081268504097989,0.08156980598417804,1.2872465549188474e-07,9.900897038405423,0.20472941011377255,0.0
0.255,0.0055312981121080455,0.12372442868415007,0.0013021295665786791,0.051116430793629555,0.033013064753298724,0.08157819623397086,0.12050320653863643,0.08157431539057416,1.2871421436310027e-07,9.900925428785795,0.20471368114318783,0.0
0.25999999999999995,0.0055314354278352944,0.1219911289337019,0.00101146245902473,0.039168558820649,0.03322469923632443,0.0819132967721029,0.09204582205249834,0.08191098611592815,1.2790447646563515e-07,9.90314328292904,0.20472257269350772,0.0
0.26,0.005531433541447112,0.12197292689383632,0.0010086599045776028,0.03905423424408977,0.033227073475061666,0.08191699354586357,0.09176860420345373,0.08191470547255912,1.2789614755086396e-07,9.903167232513947,0.20473202068515153,0.0
0.26000000000000006,0.005531434819171509,0.12197290133399286,0.0010088102504808632,0.03906003760021371,0.03322725473033176,0.08191708630715046,0.09177960659840215,0.08191480339775498,1.2789555794546035e-07,9.903167706093027,0.20473234557356196,0.0
0.26499999999999996,0.0055316332903885355,0.12061879468749713,0.0007714592363697936,0.02953587422023988,0.033379989807478694,0.08218206086259375,0.06918655603275044,0.08218086864461065,1.2733943823064133e-07,9.904905662632988,0.20472649449212188,0.0
0.265,0.00553163432943585,0.12060384343520203,0.0007690239393563685,0.029439003917093066,0.033381926649023175,0.08218504432034093,0.0689530561078677,0.08218386831050725,1.273321720279808e-07,9.90492525650367,0.2047273178658242,0.0
0.26500000000000007,0.00553163348363005,0.12060330194245371,0.0007690643931028056,0.029440423821979804,0.0333820974004173,0.08218523392524266,0.06895408805128264,0.0821840620833315,1.2733182436098243e-07,9.904926277611036,0.20472902034229096,0.0
0.26999999999999996,0.005531876572151998,0.11956237519861453,0.0005790208827616558,0.021974133406247338,0.03350084317472868,0.08238062533536696,0.05131062981557701,0.08238020254942718,1.2684010479188326e-07,9.906245668551378,0.20472531150158255,0.0
0.27,0.005531878066764525,0.11955029139778109,0.000576962130423139,0.02189380039903263,0.03350233926427259,0.08238298762619195,0.05111806798788875,0.08238257628526713,1.268342655618083e-07,9.90626137423931,0.20472476897692093,0.0
0.2700000000000001,0.00553187742770433,0.119549469417118,0.0005769242610817118,0.021892215907776957,0.033502522301410556,0.08238321230377968,0.051112436362904315,0.0823828042140775,1.2683379268414144e-07,9.906262689273309,0.2047255775726941,0.0
0.27499999999999997,0.005532119430086526,0.11876084674550447,0.0004279278821526483,0.016131181873979154,0.03358843804033936,0.08252866437410075,0.03754987874748148,0.08252876450105287,1.2646434655127448e-07,9.907255300796852,0.2047299151778166,0.0
0.275,0.005532123048997858,0.11875130332705477,0.0004262308641221435,0.01606591234998503,0.03358955363198925,0.08253054985540681,0.03739424275319296,0.08253065794160844,1.2646010716067913e-07,9.90726770334937,0.20470604703546633,0.0
0.2750000000000001,0.005532122156729878,0.11875035167826929,0.0004261429797058751,0.016062476057409035,0.033589732298269524,0.08253077142410696,0.03738466393795103,0.08253088197228495,1.264595253415985e-07,9.9072690996231,0.20472685235250251,0.0
0.27999999999999997,0.005532344455993517,0.11816316267694238,0.0003115868156010449,0.011685897859621035,0.03365023932327072,0.08263903382912416,0.027119249424827678,0.08263948537251165,1.2619987806703057e-07,9.908006738409417,0.20473492973227594,0.0
0.28,0.005532346596925004,0.11815571429035804,0.0003102196550219871,0.011633894903044492,0.03365108577498464,0.08264042880984099,0.02699585841358254,0.0826408858096947,1.2619628245925072e-07,9.908016234544167,0.20473269219923823,0.0
0.2800000000000001,0.005532346308308662,0.118154758130816,0.0003101051879409449,0.011629510138149496,0.03365124343939074,0.08264064629997891,0.026984424439250768,0.08264110511569737,1.261957775713024e-07,9.908017600376764,0.20473266356838052,0.0
0.2849999999999999,0.005532399014144312,0.11772225151777202,0.00022361066119718943,0.008355157903043416,0.03369344469413433,0.08271780909660749,0.019331751939258048,0.08271849442161287,1.2600411619624318e-07,9.908551757695484,0.20472888536537004,0.0
0.285,0.005532400856992313,0.11771655219628994,0.00022253307861582608,0.00831449531294191,0.03369406820004983,0.08271883831331847,0.019235718975752464,0.08271952733056064,1.2600126756401434e-07,9.908558938275899,0.20472844139597032,0.0
0.28500000000000003,0.005532401054071566,0.11771565411602744,0.00022240969650464315,0.008309823700729257,0.03369420483048033,0.08271902501387066,0.01922393162045149,0.08271971533899664,1.26000766066597e-07,9.90856017600301,0.20472835456333227,0.0
0.2899999999999999,0.005532511910175654,0.11739642441853787,0.00015827992217369756,0.005896570146344638,0.033725593016812175,0.08276531698953773,0.013603455496616883,0.08276615640906523,1.2579907920635043e-07,9.908934081129463,0.20474222025371847,0.0
0.29,0.005532513423111816,0.11739216824155554,0.00015744764138546545,0.005865344572293084,0.03372602627497223,0.08276611058953809,0.013530035806816845,0.08276695247856392,1.2579716609910274e-07,9.90893947170159,0.2047411247236346,0.0
0.29000000000000004,0.005532513097361044,0.11739131342096258,0.00015732763984480796,0.005860833057868555,0.03372612029254532,0.08276622576297783,0.013518883832245521,0.08276706857407817,1.2579672987223998e-07,9.908940516763877,0.20474244010499426,0.0
0.29499999999999993,0.005532313357086775,0.1171622144364306,0.00011049666446017181,0.004108329894912885,0.033745613313095335,0.08279905395794401,0.009450939502275726,0.08279999424829004,1.2567201348620187e-07,9.909210202577292,0.2047393974231856,0.0
0.295,0.005532315864714454,0.11715908736753704,0.00010986598375710218,0.004084766218267724,0.03374588559214745,0.08279967632169397,0.009395767089638223,0.08280061824689049,1.2567090806905513e-07,9.90921415133132,0.2047383815287238,0.0
0.29500000000000004,0.005532317753049752,0.11715837002162996,0.00010975688644156639,0.004080685078280298,0.033745947001469684,0.0827997873393293,0.009385824625934684,0.0828007299022311,1.2567061393217563e-07,9.90921502270413,0.20473871166540022,0.0
0.29999999999999993,0.005532326067259955,0.11700989782268412,7.609838370011182e-05,0.0028263203895462076,0.033758050283654265,0.08283593921675861,0.0064835770944049334,0.08283694521458626,1.2566859767954386e-07,9.909412277896942,0.20473200948636502,0.0
0.3,0.00553232816884669,0.11700757438211776,7.562909710487589e-05,0.0028088364887645673,0.03375824268960245,0.0828363260450185,0.0064428028698735006,0.08283733311767347,1.2567000572360326e-07,9.90941506984005,0.20473055303155657,0.0
0.30000000000000004,0.005532330622089535,0.11700702317495801,7.553476706666843e-05,0.0028053202805992435,0.033758302780260666,0.08283643389758438,0.006434331719105006,0.08283744140611277,1.2567220900071146e-07,9.909415782483018,0.20473148288543055,0.0
0.30499999999999994,0.00553330070574091,0.11687730215712488,5.176647305900512e-05,0.001920128265005022,0.03374818603525656,0.08285240205664257,0.004392761774395558,0.0828534504582362,1.2551552762213485e-07,9.909533171289663,0.2047385870403662,0.0
0.305,0.005533300338980298,0.11687571546670578,5.142319578504573e-05,0.0019073663579412758,0.03374830469510314,0.08285275930123193,0.0043631120712824805,0.08285380840210105,1.2551552764591784e-07,9.909535200389602,0.20473808347152142,0.0
0.30500000000000005,0.005533299429771007,0.11687519080624727,5.1344869063741505e-05,0.0019044528613175748,0.03374831462033005,0.08285278906503127,0.004356156088746361,0.08285383845621962,1.2551552765262724e-07,9.909535712650289,0.20473683835962375,0.0
0.30999999999999994,0.005533297670204808,0.11680590897506699,3.4762041549854286e-05,0.0012884946393969259,0.03375403033842039,0.08287000142214299,0.002939793348073312,0.08287107729739948,1.255155287634679e-07,9.909626915481306,0.2047343607255131,0.0
0.31,0.005533297559023741,0.11680481519789794,3.451508244749678e-05,0.0012793264636961634,0.03375411753688404,0.08287026399728334,0.0029185694420778207,0.08287134032558774,1.2551552878025552e-07,9.909628342746355,0.2047342074772647,0.0
0.31000000000000005,0.005533297298967867,0.11680446289237853,3.445218056051511e-05,0.0012769903929513388,0.03375413727927769,0.08287032340130648,0.0029130342048949067,0.08287139992143173,1.255155287849719e-07,9.90962875947882,0.20473385117299064,0.0
0.31499999999999995,0.005533297034682859,0.11675808887802998,2.305675729062707e-05,0.0008542102066575932,0.03375800178644478,0.08288196215215854,0.0019437022300932637,0.08288305572976332,1.2551552954349748e-07,9.909689953169753,0.2047334422615384,0.0
0.315,0.00553329700784194,0.11675734036394386,2.2881895652502834e-05,0.0008477249205554728,0.033758063353009855,0.08288214756668087,0.0019287403751339707,0.0828832414366937,1.255155295552507e-07,9.909690939237905,0.20473340478475072,0.0
0.31500000000000006,0.005533296946639397,0.1167570922665724,2.283283142313136e-05,0.0008459046522950214,0.03375808181303741,0.08288220314222286,0.0019244554473583832,0.08288329713760834,1.2551552955870665e-07,9.909691257701036,0.2047333207833364,0.0
0.31999999999999995,0.005533296916316042,0.11672639953753851,1.5109834203142877e-05,0.0005596037391769847,0.033760646992379476,0.08288992919413005,0.0012698747218923506,0.0828910341681797,1.2551553007047326e-07,9.909731751803978,0.20473324744378033,0.0
0.32,0.005533296910523981,0.11672589220313041,1.4987911506921988e-05,0.0005550848520252819,0.03376068921031962,0.08289005634845234,0.0012594833459382824,0.08289116151081163,1.2551553007861277e-07,9.909732421999845,0.20473323900714369,0.0
0.32000000000000006,0.0055332968970640065,0.11672571448282373,1.4950617975474706e-05,0.0005537022582785016,0.033760703574181455,0.08289009960176022,0.0012562474022383692,0.08289120484537303,1.255155300811726e-07,9.909732656088707,0.2047332204203189,0.0
0.32499999999999996,0.005533296902493476,0.11670564979136,9.786713801938195e-06,0.0003623739506635209,0.033762382330612725,0.08289515603742813,0.0008199839534392374,0.08289626834748468,1.255155304220746e-07,9.90975910531034,0.20473320663690864,0.0
0.325,0.005533296901405178,0.1167053100756904,9.702960175733569e-06,0.00035927113489597133,0.0337624107158817,0.08289524153431578,0.0008128710050825524,0.08289635396554142,1.25515530427639e-07,9.90975955412172,0.20473320480008017,0.0
0.32500000000000007,0.005533296898561522,0.1167051836158701,9.675270626746512e-06,0.0003582450865494003,0.033762421191823475,0.0828952730842345,0.0008104818846793559,0.08289638556780864,1.2551553042951644e-07,9.909759721817316,0.20473320078960897,0.0
0.32999999999999996,0.005533296906846355,0.11669222873451357,6.267705900162296e-06,0.0002320374703536198,0.03376350563902782,0.08289853951794837,0.0005234505776332636,0.08289965655162773,1.255155306537151e-07,9.909776780019698,0.204733198173827,0.0
0.33,0.0055332969067278725,0.11669200420227038,6.21099865871706e-06,0.00022993727915172397,0.033763524427443306,0.0828985961108521,0.0005186502901196632,0.08289971322251649,1.2551553065746752e-07,9.909777076405026,0.2047331977776361,0.0
0.33000000000000007,0.005533296906159823,0.11669191553487812,6.190878648118612e-06,0.00022919196673637043,0.03376353182772078,0.0828986183999259,0.0005169229181912773,0.08289973554520091,1.2551553065882166e-07,9.909777194085274,0.20473319691526276,0.0
0.33499999999999996,0.0055332969124482,0.1166836532733346,3.971106053412132e-06,0.00014699781080561528,0.033764223645887284,0.08290070221587341,0.00033045588414941406,0.08290182229201384,1.2551553080441714e-07,9.909788060124942,0.20473319645938542,0.0
0.335,0.0055332969125002785,0.11668350680820533,3.93324729525492e-06,0.00014559600649628447,0.03376423590869007,0.08290073915352436,0.0003272608941289353,0.08290185927990062,1.2551553080691367e-07,9.909788253230932,0.20473319637503534,0.0
0.3350000000000001,0.0055332969124074795,0.11668344566621355,3.9189188363852314e-06,0.00014506532312342894,0.03376424102365533,0.0829007545603827,0.00032603617819506453,0.08290187470831634,1.2551553080787264e-07,9.909788334306615,0.20473319618803312,0.0
0.33999999999999997,0.005533296916622972,0.11667823958463389,2.491059049998727e-06,9.22034726207561e-05,0.03376467700969581,0.0829020677768425,0.00020640002125008877,0.08290318981255601,1.2551553090125434e-07,9.909795172326753,0.20473319614593916,0.0
0.34,0.005533296916683927,0.11667814527753154,2.4661294226965145e-06,9.128051396754128e-05,0.033764684907411295,0.08290209156621539,0.000204302083166298,0.08290321363432479,1.255155309028931e-07,9.909795296502804,0.20473319612726257,0.0
0.3400000000000001,0.005533296916683428,0.11667810381160465,2.456114902505996e-06,9.090968442152208e-05,0.033764688379016514,0.0829021020235379,0.00020344962052446625,0.0829032241054879,1.2551553090355986e-07,9.909795351408768,0.20473319608490873,0.0
0.3449999999999999,0.005533296919394324,0.1166748622376206,1.5489598490196184e-06,5.73293787840643e-05,0.03376495987223961,0.08290291976146415,0.00012762618396380777,0.08290404305843312,1.255155309627249e-07,9.909799603541732,0.20473319611399687,0.0
0.345,0.00553329691943949,0.11667480228426162,1.5327622907193116e-06,5.672975913939614e-05,0.03376496489356865,0.082902934886526,0.00012626672426578424,0.08290405820440391,1.2551553096378634e-07,9.909799682375903,0.2047331961096971,0.0
0.34500000000000003,0.005533296919453339,0.11667477461354328,1.5258869093597348e-06,5.647519885177225e-05,0.03376496721088494,0.08290294186703603,0.0001256836576923147,0.08290406519382282,1.2551553096424215e-07,9.909799718957354,0.20473319610019194,0.0
0.3499999999999999,0.005533296921156157,0.1166727797161269,9.565134361405699e-07,3.540054692462048e-05,0.03376513430018865,0.0829034451250869,7.820308358509124e-05,0.08290456923258477,1.255155310012798e-07,9.909802332276632,0.20473319612707666,0.0
0.35,0.005533296921186563,0.11667274207577394,9.461258318435293e-07,3.501604848285604e-05,0.0337651374529087,0.08290345462142766,7.733349437650389e-05,0.08290457874242303,1.2551553100195852e-07,9.909802381701514,0.20473319612643787,0.0
0.35000000000000003,0.00553329692119975,0.11667272389623513,9.414850864853666e-07,3.4844235939393274e-05,0.03376513897558203,0.08290345920827363,7.694128541950164e-05,0.08290458333502285,1.2551553100226506e-07,9.90980240569661,0.2047331961253656,0.0
0.3549999999999999,0.005533296922255615,0.1166715102562869,5.883604378229733e-07,2.1774700004756466e-05,0.033765240631712864,0.08290376537527525,4.755878710527235e-05,0.08290489000230808,1.2551553102517841e-07,9.909803993424786,0.2047331961458461,0.0
0.355,0.005533296922274887,0.11667148691267626,5.817837911814601e-07,2.1531277641413604e-05,0.03376524258700687,0.08290377126467509,4.700955706274947e-05,0.08290489590041482,1.25515531025607e-07,9.909804024033813,0.2047331961455534,0.0
0.35500000000000004,0.005533296922283514,0.1166714751463593,5.787014791543163e-07,2.141717721892771e-05,0.03376524357254711,0.08290377423348169,4.674991116094815e-05,0.08290489887295059,1.255155310258099e-07,9.909804039538237,0.20473319614471258,0.0
0.35999999999999993,0.0055332969229313685,0.11667074510506684,3.6224732616276336e-07,1.3406443110871192e-05,0.033765304723216996,0.08290395839745643,2.8777411707777658e-05,0.08290508335628827,1.2551553103982142e-07,9.909804993313786,0.20473319616059554,0.0
0.36,0.005533296922943286,0.11667073080077675,3.5813528531733676e-07,1.3254252139465642e-05,0.033765305921381134,0.0829039620062271,2.8434801709423135e-05,0.0829050869706647,1.255155310400885e-07,9.909805012043503,0.20473319616028648,0.0
0.36000000000000004,0.00553329692294896,0.1166707232950503,3.5611993042643683e-07,1.3179646252433614e-05,0.03376530655006921,0.0829039639000432,2.826553105013727e-05,0.08290508886690473,1.2551553104022071e-07,9.90980502191752,0.2047331961598214,0.0
0.36499999999999994,0.0055332969233380346,0.11667028900960208,2.249608861478995e-07,8.325830841711388e-06,0.03376534292765631,0.08290407344994395,1.7397271480447616e-05,0.0829051986196816,1.2551553104869133e-07,9.909805588540923,0.2047331961661018,0.0
0.365,0.005533296923345284,0.11667028034691543,2.2242111345091314e-07,8.231838851106568e-06,0.03376534365326933,0.08290407563532902,1.718613653178178e-05,0.08290520080866465,1.2551553104885587e-07,9.909805599867633,0.20473319616578564,0.0
0.36500000000000005,0.0055332969233489885,0.1166702756255156,2.2112279091013814e-07,8.183781415733023e-06,0.0337653440487454,0.08290407682660728,1.7077403774472576e-05,0.08290520200152117,1.255155310489409e-07,9.909805606068428,0.20473319616557384,0.0
0.36999999999999994,0.0055332969235837685,0.11667002008964553,1.4254332128050188e-07,5.275895249252703e-06,0.03376536545377999,0.08290414128279938,1.057870912567823e-05,0.08290526658583555,1.2551553105400461e-07,9.909805939055133,0.204733196172458,0.0
0.37,0.005533296923588022,0.11667001490381759,1.4099348340005493e-07,5.2185398550137596e-06,0.03376536588815772,0.08290414259097612,1.0450139273522379e-05,0.08290526789631121,1.2551553105410483e-07,9.909805945826768,0.20473319617205094,0.0
0.37000000000000005,0.005533296923590144,0.11667001197392135,1.4016912665319586e-07,5.188027361615604e-06,0.033765366133566385,0.08290414333018752,1.0381284226249549e-05,0.08290526863655046,1.2551553105415856e-07,9.909805949668662,0.20473319617161218,0.0
0.37499999999999994,0.005533296923729761,0.11666986322451012,9.361290435596556e-08,3.4652177258848946e-06,0.03376537859370566,0.08290418084805394,6.538129753122162e-06,0.08290530623478473,1.255155310571524e-07,9.909806143301129,0.20473319617687363,0.0
0.375,0.0055332969237321394,0.11666986015504552,9.267824363744551e-08,3.4306284470692528e-06,0.0337653788508058,0.08290418162228938,6.460748134051418e-06,0.08290530701048118,1.255155310572127e-07,9.909806147305252,0.2047331961763777,0.0
0.37500000000000006,0.005533296923733328,0.11666985836065448,9.216205928214594e-08,3.41152429947441e-06,0.03376537900109987,0.08290418207498057,6.417744418012826e-06,0.08290530746384067,1.2551553105724616e-07,9.909806149654877,0.20473319617592128,0.0
0.37999999999999995,0.005533296923811483,0.11666977268407533,6.487995172464724e-08,2.4019374899098266e-06,0.033765386177781104,0.08290420368231666,4.169599570866779e-06,0.08290532912121182,1.2551553105899708e-07,9.909806261115618,0.20473319617425906,0.0
0.38,0.005533296923812821,0.11666977088736907,6.432276304957503e-08,2.3813173521044474e-06,0.033765386328271814,0.08290420413547317,4.123557665961284e-06,0.08290532957529068,1.255155310590329e-07,9.90980626345796,0.20473319617386215,0.0
0.38000000000000006,0.005533296923815479,0.11666976980265087,6.400394021398404e-08,2.3695168694204363e-06,0.03376538641919707,0.0829042044093288,4.0970572692479325e-06,0.0829053298495794,1.2551553105905364e-07,9.909806264877648,0.204733196176211,0.0
0.38499999999999995,0.005533296923861359,0.11666972096655628,4.81884139463465e-08,1.7842211221787544e-06,0.033765390509978205,0.08290421672453968,2.795950703617326e-06,0.08290534219568829,1.2551553106006667e-07,9.909806328415971,0.20473319617617147,0.0
0.385,0.005533296923861988,0.11666971992631311,4.7860065533080044e-08,1.772067028316486e-06,0.03376539059710244,0.08290421698686547,2.7688625513872966e-06,0.0829053424585922,1.255155310600877e-07,9.909806329772511,0.20473319617572444,0.0
0.38500000000000006,0.00553329692386226,0.11666971927843973,4.766571349237946e-08,1.764873134365044e-06,0.03376539065136053,0.08290421715027377,2.7527434047743713e-06,0.08290534262227964,1.255155310601004e-07,9.909806330619876,0.20473319617531555,0.0
0.38999999999999996,0.005533296923890576,0.11666969172579993,3.859443664248273e-08,1.4291282456225039e-06,0.03376539295940338,0.08290422409784592,2.007618202006107e-06,0.08290534958876747,1.255155310606804e-07,9.909806366496651,0.20473319617811275,0.0
0.39,0.005533296923890752,0.11666969112990958,3.84030464068153e-08,1.4220435327387957e-06,0.03376539300930427,0.08290422424808037,1.991856365581577e-06,0.08290534973936123,1.2551553106069268e-07,9.909806367274383,0.20473319617759134,0.0
0.39000000000000007,0.005533296923890816,0.11666969074769862,3.8286075889473636e-08,1.4177136151932615e-06,0.03376539304130994,0.08290422434446419,1.9821751507245606e-06,0.08290534983592387,1.2551553106070025e-07,9.909806367774483,0.20473319617720973,0.0
0.39499999999999996,0.005533296923902939,0.11666967535829806,3.313713115586048e-08,1.2271145862360887e-06,0.033765394330313676,0.08290422822411184,1.5598495130428317e-06,0.08290535372704741,1.2551553106102887e-07,9.909806387837625,0.20473319617343405,0.0
0.395,0.005533296923905702,0.1166696750208299,3.3026779389279734e-08,1.2230296831373716e-06,0.03376539435867291,0.08290422830948299,1.5507770882247894e-06,0.08290535381264012,1.2551553106103597e-07,9.909806388279051,0.2047331961767777,0.0
0.3950000000000001,0.005533296923905512,0.11666967479798318,3.2957254197918106e-08,1.2204557638033995e-06,0.03376539437732507,0.0829042283656487,1.5450338068430064e-06,0.0829053538689193,1.2551553106104044e-07,9.909806388570715,0.2047331961762379,0.0
0.39999999999999997,0.005533296923913619,0.11666966628697992,3.006374000293732e-08,1.1133582303774422e-06,0.0337653950902487,0.08290423051113305,1.308093020023576e-06,0.08290535602130114,1.2551553106122483e-07,9.909806399679798,0.20473319617590796,0.0
0.4,0.005533296923913567,0.11666966609750047,3.000081541377943e-08,1.1110280342587064e-06,0.03376539510611209,0.08290423055888177,1.302926309725481e-06,0.08290535606918491,1.255155310612288e-07,9.909806399927604,0.2047331961755938,0.0
0.4000000000000001,0.0055332969239133495,0.11666966596907166,2.9959995238394485e-08,1.1095163901647192e-06,0.03376539511685758,0.08290423059123563,1.299559893604258e-06,0.08290535610161026,1.2551553106123145e-07,9.90980640009574,0.20473319617513713,0.0
0.40499999999999997,0.005533296923919637,0.11666966130872106,2.835129001723153e-08,1.049940842525628e-06,0.033765395507298485,0.08290423176607054,1.1679534395755405e-06,0.08290535728055115,1.2551553106133383e-07,9.90980640618558,0.20473319617739516,0.0
0.405,0.005533296923919405,0.11666966120347744,2.831577446719913e-08,1.0486255257442804e-06,0.03376539551610194,0.08290423179256554,1.1650416400625705e-06,0.08290535730712792,1.25515531061336e-07,9.909806406323144,0.20473319617694152,0.0
0.4050000000000001,0.0055332969239192675,0.11666966113029528,2.829208487037177e-08,1.0477481833385677e-06,0.03376539552222439,0.0829042318109979,1.163091436721776e-06,0.08290535732560489,1.2551553106133754e-07,9.909806406419133,0.20473319617665903,0.0
0.4099999999999999,0.005533296923923757,0.11666965860255024,2.7406118580187392e-08,1.0149353447234901e-06,0.03376539573403638,0.08290423244824255,1.0907097355104496e-06,0.08290535796527018,1.2551553106139392e-07,9.909806409724304,0.2047331961793178,0.0
0.41,0.005533296923923284,0.11666965854464781,2.7386278599157742e-08,1.0142005267188582e-06,0.033765395738866846,0.08290423246277834,1.0890855132536882e-06,0.08290535797985485,1.2551553106139521e-07,9.909806409799838,0.20473319617859073,0.0
0.41000000000000003,0.005533296923923118,0.1166696585033953,2.7372687917676682e-08,1.013697167687702e-06,0.03376539574231478,0.08290423247315737,1.0879686085344736e-06,0.08290535799026151,1.2551553106139606e-07,9.909806409853761,0.204733196178309,0.0
0.4149999999999999,0.005533296923920715,0.11666965714465155,2.6889483444954304e-08,9.958001583933877e-07,0.03376539585599066,0.08290423281509876,1.048544454927258e-06,0.08290535833361591,1.255155310614267e-07,9.909806411629823,0.2047331961731225,0.0
0.415,0.0055332969239205165,0.11666965711313376,2.6878511997586276e-08,9.95393790165293e-07,0.033765395858622226,0.08290423282301637,1.0476475554714917e-06,0.08290535834156262,1.2551553106142743e-07,9.909806411671028,0.20473319617280777,0.0
0.41500000000000004,0.005533296923919916,0.11666965709007801,2.6870802278212206e-08,9.951082340434528e-07,0.03376539586053026,0.08290423282875925,1.047015012817857e-06,0.08290535834732257,1.2551553106142788e-07,9.909806411701176,0.2047331961719542,0.0
0.41999999999999993,0.005533296923924101,0.11666965636737126,2.660977772403221e-08,9.854400408873622e-07,0.03376539592119694,0.0829042330112155,1.0257461504428666e-06,0.0829053585305955,1.2551553106144447e-07,9.909806412646907,0.20473319617666322,0.0
0.42,0.005533296923923793,0.11666965635035392,2.6603770686120607e-08,9.852175424735575e-07,0.03376539592261033,0.08290423301546729,1.0252557714472797e-06,0.08290535853486444,1.2551553106144477e-07,9.909806412668983,0.20473319617622004,0.0
0.42000000000000004,0.005533296923923493,0.11666965633763852,2.6599444989072373e-08,9.850573213807042e-07,0.03376539592366377,0.08290423301863753,1.0249014409384552e-06,0.08290535853804484,1.2551553106144506e-07,9.909806412685638,0.20473319617579028,0.0
0.42499999999999993,0.005533296923925953,0.116669655956446,2.6459765973746708e-08,9.798835864245745e-07,0.03376539595567145,0.08290423311488303,1.0135346123460844e-06,0.08290535863475766,1.255155310614539e-07,9.909806413184421,0.20473319617860225,0.0
0.425,0.005533296923925212,0.11666965594729238,2.6456509090964624e-08,9.797629507279083e-07,0.03376539595641039,0.08290423311710544,1.0132691009659626e-06,0.08290535863699008,1.255155310614541e-07,9.909806413196277,0.20473319617757946,0.0
0.42500000000000004,0.005533296923924982,0.11666965594034275,2.645410806509148e-08,9.796740169346885e-07,0.033765395956983704,0.08290423311883065,1.0130727311568463e-06,0.08290535863872119,1.2551553106145424e-07,9.909806413205395,0.20473319617725555,0.0
0.42999999999999994,0.005533296923923377,0.11666965574074578,2.6380048761060996e-08,9.76931051119856e-07,0.03376539597363562,0.08290423316889117,1.0070539157898428e-06,0.08290535868904665,1.2551553106145898e-07,9.909806413462626,0.20473319617476793,0.0
0.43,0.005533296923927938,0.11666965573645148,2.6378293707745202e-08,9.768662775944262e-07,0.03376539597416507,0.08290423317048434,1.0069115292327797e-06,0.0829053586906455,1.2551553106145909e-07,9.909806413465926,0.20473319618100913,0.0
0.43000000000000005,0.005533296923927578,0.11666965573266887,2.6376975141550476e-08,9.768174310515122e-07,0.0337653959744683,0.0829042331713965,1.006803836592981e-06,0.08290535869156121,1.2551553106145917e-07,9.909806413470882,0.20473319618050667,0.0
0.43499999999999994,0.005533296923927041,0.11666965561893226,2.6324235199955326e-08,9.75390281986863e-07,0.033765395983971574,0.08290423319996737,1.0036457681588115e-06,0.08290535872028088,1.2551553106146157e-07,9.909806413611784,0.20473319617962554,0.0
0.435,0.00553329692392639,0.11666965561654592,2.6323577088351564e-08,9.753555521134005e-07,0.03376539598414707,0.08290423320049475,1.0035701268759946e-06,0.0829053587208114,1.2551553106146165e-07,9.909806413614975,0.20473319617872804,0.0
0.43500000000000005,0.005533296923925103,0.1166696556145502,2.6323061466683675e-08,9.75328798022998e-07,0.0337653959842663,0.0829042332008531,1.0035116699633154e-06,0.08290535872117186,1.255155310614617e-07,9.90980641361751,0.2047331961769657,0.0
0.43999999999999995,0.00553329692393285,0.11666965555606304,2.629440836884209e-08,9.745869904268982e-07,0.0337653959894518,0.08290423321644222,1.0018694486244062e-06,0.0829053587368435,1.2551553106146295e-07,9.909806413681881,0.2047331961874897,0.0
0.44,0.005533296923932182,0.11666965555503725,2.6294394798954438e-08,9.745683549515324e-07,0.033765395989512836,0.08290423321662532,1.0018296360293438e-06,0.08290535873702841,1.2551553106146295e-07,9.909806413683853,0.20473319618657498,0.0
0.44000000000000006,0.005533296923931825,0.11666965555421671,2.629438412081663e-08,9.745536911176275e-07,0.03376539598956821,0.08290423321679166,1.0017982227145032e-06,0.08290535873719596,1.25515531061463e-07,9.90980641368527,0.2047331961860835,0.0
0.44499999999999995,0.005533296923926132,0.11666965553416205,2.6294094724196064e-08,9.741564092414735e-07,0.03376539599103506,0.08290423322119037,1.0009517732425198e-06,0.08290535874163989,1.255155310614637e-07,9.909806413722803,0.20473319617824687,0.0
0.445,0.005533296923925932,0.1166696555336526,2.6294087633352612e-08,9.74146678163705e-07,0.03376539599107033,0.08290423322129631,1.000931008827396e-06,0.08290535874174679,1.2551553106146372e-07,9.909806413723883,0.20473319617797564,0.0
0.44500000000000006,0.005533296923925434,0.11666965553318914,2.6294081940036086e-08,9.741388650892599e-07,0.03376539599109052,0.08290423322135676,1.000914293857951e-06,0.08290535874180793,1.2551553106146374e-07,9.909806413724546,0.20473319617728963,0.0
0.44999999999999996,0.005533296923924744,0.11666965552335835,2.6293933830393887e-08,9.739356456588194e-07,0.03376539599188784,0.08290423322374775,1.000481792089177e-06,0.08290535874422356,1.2551553106146406e-07,9.909806413743915,0.2047331961763264,0.0
0.45,0.005533296923924692,0.11666965552310488,2.62939301596262e-08,9.739306098821777e-07,0.03376539599190707,0.08290423322380544,1.0004710590980417e-06,0.08290535874428193,1.2551553106146406e-07,9.909806413744235,0.20473319617625335,0.0
0.45000000000000007,0.0055332969239245645,0.11666965552287989,2.629392715447708e-08,9.739264872764808e-07,0.033765395991921174,0.08290423322384774,1.0004622507615534e-06,0.08290535874432453,1.2551553106146406e-07,9.909806413744667,0.20473319617607857,0.0
0.45499999999999996,0.0055332969239244665,0.11666965551801033,2.6293852022753455e-08,9.738234269208681e-07,0.03376539599232521,0.08290423322505901,1.0002431472516047e-06,0.08290535874554888,1.2551553106146427e-07,9.909806413754216,0.20473319617593455,0.0
0.455,0.005533296923924454,0.11666965551788433,2.6293850139587247e-08,9.738208439450505e-07,0.03376539599233527,0.08290423322508927,1.0002376482186672e-06,0.08290535874557961,1.2551553106146425e-07,9.909806413754545,0.20473319617591879,0.0
0.45500000000000007,0.005533296923924428,0.11666965551777334,2.629384856868871e-08,9.738186892907883e-07,0.03376539599234357,0.0829042332251142,1.0002330503328981e-06,0.08290535874560462,1.2551553106146427e-07,9.909806413754726,0.20473319617588073,0.0
0.45999999999999996,0.005533296923924416,0.11666965551537135,2.6293810783341174e-08,9.737668648719067e-07,0.03376539599254415,0.08290423322571526,1.0001229873466855e-06,0.0829053587462126,1.2551553106146435e-07,9.90980641375964,0.20473319617585675,0.0
0.46,0.0055332969239244145,0.11666965551530883,2.629380982572378e-08,9.737655515102111e-07,0.03376539599254929,0.08290423322573062,1.0001201943048505e-06,0.08290535874622826,1.2551553106146438e-07,9.909806413759714,0.2047331961758536,0.0
0.4600000000000001,0.005533296923924408,0.11666965551525339,2.6293809012285067e-08,9.737644358884609e-07,0.033765395992553716,0.08290423322574395,1.0001178165063635e-06,0.08290535874624175,1.255155310614644e-07,9.909806413759624,0.20473319617584512,0.0
0.46499999999999997,0.005533296923924408,0.11666965551407699,2.6293790168566468e-08,9.737385925302656e-07,0.0337653959926522,0.08290423322603895,1.000062986471886e-06,0.08290535874654029,1.2551553106146443e-07,9.909806413762237,0.2047331961758429,0.0
0.465,0.005533296923924405,0.11666965551404603,2.6293789685790676e-08,9.737379304376779e-07,0.033765395992654726,0.08290423322604669,1.0000615799265584e-06,0.08290535874654792,1.2551553106146443e-07,9.90980641376209,0.20473319617584118,0.0
0.4650000000000001,0.005533296923924401,0.11666965551401817,2.62937892684502e-08,9.737373580835275e-07,0.03376539599265698,0.08290423322605338,1.0000603614464277e-06,0.08290535874655477,1.2551553106146443e-07,9.909806413762233,0.20473319617583788,0.0
0.4699999999999999,0.005533296923924406,0.11666965551344649,2.629377994833675e-08,9.737245763629632e-07,0.033765395992704964,0.08290423322619705,1.0000332698465354e-06,0.08290535874669994,1.2551553106146443e-07,9.909806413763357,0.20473319617583957,0.0
0.47,0.005533296923924406,0.11666965551343139,2.6293779707003445e-08,9.737242453978055e-07,0.03376539599270623,0.08290423322620083,1.0000325674645328e-06,0.08290535874670388,1.2551553106146443e-07,9.909806413763405,0.20473319617583938,0.0
0.47000000000000003,0.005533296923924404,0.11666965551341757,2.6293779494808672e-08,9.737239543974617e-07,0.03376539599270733,0.08290423322620435,1.000031948650961e-06,0.08290535874670732,1.2551553106146443e-07,9.909806413763484,0.20473319617583907,0.0
0.4749999999999999,0.005533296923924403,0.1166696555131416,2.6293774922375616e-08,9.73717683804647e-07,0.0337653959927304,0.08290423322627338,1.0000186703584287e-06,0.08290535874677732,1.2551553106146446e-07,9.90980641376397,0.2047331961758373,0.0
0.475,0.005533296923924403,0.11666965551313421,2.629377480273637e-08,9.737175197333683e-07,0.03376539599273102,0.08290423322627527,1.0000183225073566e-06,0.08290535874677914,1.2551553106146446e-07,9.909806413763967,0.20473319617583752,0.0
0.47500000000000003,0.005533296923924404,0.11666965551312744,2.629377469580285e-08,9.73717373086501e-07,0.03376539599273162,0.08290423322627696,1.0000180110001097e-06,0.0829053587467809,1.2551553106146446e-07,9.909806413764002,0.20473319617583713,0.0
0.4799999999999999,0.005533296923924404,0.1166696555129954,2.629377247044103e-08,9.737143212691255e-07,0.03376539599274264,0.08290423322631016,1.0000115545689814e-06,0.08290535874681436,1.2551553106146446e-07,9.909806413764315,0.20473319617583718,0.0
0.48,0.005533296923924404,0.11666965551299183,2.6293772411614298e-08,9.737142405975746e-07,0.03376539599274293,0.0829042332263111,1.000011383699716e-06,0.08290535874681525,1.2551553106146446e-07,9.909806413764233,0.2047331961758374,0.0
0.48000000000000004,0.005533296923924405,0.1166696555129885,2.6293772358192397e-08,9.737141673350324e-07,0.03376539599274324,0.08290423322631191,1.000011228238578e-06,0.0829053587468161,1.2551553106146446e-07,9.90980641376428,0.20473319617583724,0.0
0.48499999999999993,0.005533296923924403,0.11666965551292571,2.629377128362094e-08,9.737126936929376e-07,0.03376539599274847,0.08290423322632767,1.0000081133829451e-06,0.08290535874683189,1.2551553106146446e-07,9.909806413764521,0.20473319617583643,0.0
0.485,0.005533296923924404,0.11666965551292406,2.6293771254947064e-08,9.737126543713802e-07,0.03376539599274861,0.08290423322632809,1.0000080301738699e-06,0.08290535874683241,1.2551553106146446e-07,9.9098064137645,0.2047331961758369,0.0
0.48500000000000004,0.005533296923924405,0.1166696555129225,2.6293771228469376e-08,9.73712618060588e-07,0.033765395992748776,0.08290423322632859,1.0000079532017307e-06,0.08290535874683283,1.2551553106146446e-07,9.909806413764398,0.20473319617583768,0.0
0.48999999999999994,0.005533296923924402,0.11666965551289275,2.629377071325886e-08,9.737119115162693e-07,0.03376539599275121,0.08290423322633594,1.000006461068343e-06,0.08290535874684014,1.2551553106146446e-07,9.90980641376456,0.2047331961758358,0.0
0.49,0.005533296923924404,0.11666965551289196,2.629377069938308e-08,9.73711892489477e-07,0.033765395992751315,0.0829042332263362,1.00000642084212e-06,0.08290535874684031,1.2551553106146446e-07,9.909806413764482,0.20473319617583624,0.0
0.49000000000000005,0.005533296923924402,0.1166696555128912,2.629377068662519e-08,9.737118749895797e-07,0.03376539599275136,0.08290423322633644,1.0000063837778756e-06,0.0829053587468405,1.2551553106146446e-07,9.909806413764489,0.20473319617583613,0.0
0.49499999999999994,0.005533296923924404,0.11666965551287731,2.6293770439439624e-08,9.737115360074776e-07,0.03376539599275255,0.08290423322634002,1.0000056684964286e-06,0.08290535874684404,1.2551553106146446e-07,9.909806413764523,0.20473319617583685,0.0
0.495,0.005533296923924404,0.11666965551287674,2.6293770429819467e-08,9.737115228146712e-07,0.03376539599275259,0.08290423322634008,1.0000056406458216e-06,0.08290535874684424,1.2551553106146446e-07,9.909806413764516,0.20473319617583688,0.0
0.49500000000000005,0.005533296923924404,0.11666965551287667,2.629377042883054e-08,9.737115214605522e-07,0.0337653959927526,0.08290423322634019,1.0000056377245911e-06,0.0829053587468442,1.2551553106146446e-07,9.90980641376451,0.20473319617583685,0.0
0.49999999999999994,0.005533296923924406,0.11666965551287219,2.6293770347205757e-08,9.737114095217167e-07,0.03376539599275297,0.08290423322634141,1.0000054016880599e-06,0.08290535874684549,1.2551553106146446e-07,9.9098064137649,0.2047331961758386,0.0
0.5,0.005533296923924402,0.11666965551287112,2.6293770331053394e-08,9.737113873698277e-07,0.03376539599275303,0.08290423322634156,1.0000053549449236e-06,0.08290535874684549,1.2551553106146446e-07,9.90980641376444,0.20473319617583596,0.0
