vtkOriginalIndices,Mg+2,Points:0,Points:1,Points:2,__vtkIsSelected__
0,1.00019,0,0,0,1
1,0.997015,0.01,0,0,1
2,0.99287,0.02,0,0,1
3,0.98764,0.03,0,0,1
4,0.981244,0.04,0,0,1
5,0.973662,0.05,0,0,1
6,0.964968,0.06,0,0,1
7,0.958156,0.07,0,0,1
8,0.939192,0.08,0,0,1
9,0.917718,0.09,0,0,1
10,0.89364,0.1,0,0,1
11,0.866913,0.11,0,0,1
12,0.83753,0.12,0,0,1
13,0.805526,0.13,0,0,1
14,0.770977,0.14,0,0,1
15,0.733998,0.15,0,0,1
16,0.694746,0.16,0,0,1
17,0.653414,0.17,0,0,1
18,0.610229,0.18,0,0,1
19,0.565449,0.19,0,0,1
20,0.519356,0.2,0,0,1
21,0.472247,0.21,0,0,1
22,0.424422,0.22,0,0,1
23,0.376186,0.23,0,0,1
24,0.327984,0.24,0,0,1
25,0.280771,0.25,0,0,1
26,0.235968,0.26,0,0,1
27,0.180336,0.27,0,0,1
28,0.168287,0.28,0,0,1
29,0.156627,0.29,0,0,1
30,0.141706,0.3,0,0,1
31,0.127606,0.31,0,0,1
32,0.114329,0.32,0,0,1
33,0.101898,0.33,0,0,1
34,0.0903356,0.34,0,0,1
35,0.0796584,0.35,0,0,1
36,0.0698681,0.36,0,0,1
37,0.0609535,0.37,0,0,1
38,0.0528919,0.38,0,0,1
39,0.0456508,0.39,0,0,1
40,0.0391902,0.4,0,0,1
41,0.0334636,0.41,0,0,1
42,0.0284209,0.42,0,0,1
43,0.0240089,0.43,0,0,1
44,0.0201733,0.44,0,0,1
45,0.0168599,0.45,0,0,1
46,0.0140155,0.46,0,0,1
47,0.0115889,0.47,0,0,1
48,0.00953151,0.48,0,0,1
49,0.00779775,0.49,0,0,1
50,0.0063463,0.5,0,0,1
51,0.0051374,0.51,0,0,1
52,0.00413685,0.52,0,0,1
53,0.00331367,0.53,0,0,1
54,0.0026404,0.54,0,0,1
55,0.00209298,0.55,0,0,1
56,0.00165045,0.56,0,0,1
57,0.00129477,0.57,0,0,1
58,0.00101053,0.58,0,0,1
59,0.00078466,0.59,0,0,1
60,0.000606182,0.6,0,0,1
61,0.000465935,0.61,0,0,1
62,0.000356338,0.62,0,0,1
63,0.000271159,0.63,0,0,1
64,0.000205318,0.64,0,0,1
65,0.000154697,0.65,0,0,1
66,0.000115985,0.66,0,0,1
67,8.6537e-05,0.67,0,0,1
68,6.42533e-05,0.68,0,0,1
69,4.74784e-05,0.69,0,0,1
70,3.49155e-05,0.7,0,0,1
71,2.55549e-05,0.71,0,0,1
72,1.86157e-05,0.72,0,0,1
73,1.34974e-05,0.73,0,0,1
74,9.74086e-06,0.74,0,0,1
75,6.9974e-06,0.75,0,0,1
76,5.00361e-06,0.76,0,0,1
77,3.56164e-06,0.77,0,0,1
78,2.52379e-06,0.78,0,0,1
79,1.78035e-06,0.79,0,0,1
80,1.25032e-06,0.8,0,0,1
81,8.74214e-07,0.81,0,0,1
82,6.08565e-07,0.82,0,0,1
83,4.21797e-07,0.83,0,0,1
84,2.91087e-07,0.84,0,0,1
85,2.00023e-07,0.85,0,0,1
86,1.36863e-07,0.86,0,0,1
87,9.32524e-08,0.87,0,0,1
88,6.32723e-08,0.88,0,0,1
89,4.27526e-08,0.89,0,0,1
90,2.87687e-08,0.9,0,0,1
91,1.92799e-08,0.91,0,0,1
92,1.28685e-08,0.92,0,0,1
93,8.55472e-09,0.93,0,0,1
94,5.66445e-09,0.94,0,0,1
95,3.73596e-09,0.95,0,0,1
96,2.45447e-09,0.96,0,0,1
97,1.60639e-09,0.97,0,0,1
98,1.04741e-09,0.98,0,0,1
99,6.80437e-10,0.99,0,0,1
100,4.40483e-10,1,0,0,1
101,2.84197e-10,1.01,0,0,1
102,1.82802e-10,1.02,0,0,1
103,1.17274e-10,1.03,0,0,1
104,7.50874e-11,1.04,0,0,1
105,4.80307e-11,1.05,0,0,1
106,3.07431e-11,1.06,0,0,1
107,1.97386e-11,1.07,0,0,1
108,1.27595e-11,1.08,0,0,1
109,8.34957e-12,1.09,0,0,1
110,5.57314e-12,1.1,0,0,1
111,3.83144e-12,1.11,0,0,1
112,2.74275e-12,1.12,0,0,1
113,2.06464e-12,1.13,0,0,1
114,1.64376e-12,1.14,0,0,1
115,1.38343e-12,1.15,0,0,1
116,1.22297e-12,1.16,0,0,1
117,1.12441e-12,1.17,0,0,1
118,1.06407e-12,1.18,0,0,1
119,1.02726e-12,1.19,0,0,1
120,1.00489e-12,1.2,0,0,1
121,9.91333e-13,1.21,0,0,1
122,9.83162e-13,1.22,0,0,1
123,9.78263e-13,1.23,0,0,1
124,9.75356e-13,1.24,0,0,1
125,9.73664e-13,1.25,0,0,1
126,9.72723e-13,1.26,0,0,1
127,9.72263e-13,1.27,0,0,1
128,9.7213e-13,1.28,0,0,1
129,9.72252e-13,1.29,0,0,1
130,9.72608e-13,1.3,0,0,1
131,9.73217e-13,1.31,0,0,1
132,9.74135e-13,1.32,0,0,1
133,9.75457e-13,1.33,0,0,1
134,9.77321e-13,1.34,0,0,1
135,9.7992e-13,1.35,0,0,1
136,9.83522e-13,1.36,0,0,1
137,9.8849e-13,1.37,0,0,1
138,9.95312e-13,1.38,0,0,1
139,1.00465e-12,1.39,0,0,1
140,1.01739e-12,1.4,0,0,1
141,1.03471e-12,1.41,0,0,1
142,1.05819e-12,1.42,0,0,1
143,1.08994e-12,1.43,0,0,1
144,1.13277e-12,1.44,0,0,1
145,1.19041e-12,1.45,0,0,1
146,1.26779e-12,1.46,0,0,1
147,1.37148e-12,1.47,0,0,1
148,1.51017e-12,1.48,0,0,1
149,1.69534e-12,1.49,0,0,1
150,1.69534e-12,1.5,0,0,1
