step,time_s,component,inventory_mol_m2,cumulative_net_in_mol_m2,balance_error_mol_m2,chemistry_error_mol_m3,water_relative_mismatch
0,0.0,Cl,14.75832180443641,0.0,0.0,4.789058039023075e-09,3.75720205147978e-06
0,0.0,H,2187.459688780021,0.0,0.0,4.789058039023075e-09,3.75720205147978e-06
0,0.0,Na,14.75832180443641,0.0,0.0,4.789058039023075e-09,3.75720205147978e-06
0,0.0,O,1093.7298443900108,0.0,0.0,4.789058039023075e-09,3.75720205147978e-06
0,0.0,Zz,0.0,0.0,0.0,4.789058039023075e-09,3.75720205147978e-06
1,1.0,Cl,14.758321751374908,-5.306151884418101e-08,1.6985161308363474e-14,9.79127889877418e-09,3.7572021298615255e-06
1,1.0,H,2187.4596777071865,-1.1072834786677376e-05,9.1308137469665e-14,9.79127889877418e-09,3.7572021298615255e-06
1,1.0,Na,14.758321751374908,-5.306151884418101e-08,1.6985161308363474e-14,9.79127889877418e-09,3.7572021298615255e-06
1,1.0,O,1093.7298388535944,-5.536417393338688e-06,9.551487705077607e-13,9.79127889877418e-09,3.7572021298615255e-06
1,1.0,Zz,0.0,0.0,0.0,9.79127889877418e-09,3.7572021298615255e-06
2,2.0,Cl,14.758321708708687,-9.572774181958434e-08,1.91819225098461e-14,1.0629719326971099e-08,3.7572021298615255e-06
2,2.0,H,2187.4596688036327,-1.9976387471224078e-05,-1.0863280490002597e-12,1.0629719326971099e-08,3.7572021298615255e-06
2,2.0,Na,14.758321708708692,-9.572774182324648e-08,2.4514655174994304e-14,1.0629719326971099e-08,3.7572021298615255e-06
2,2.0,O,1093.7298344018182,-9.988193735377662e-06,1.0482173261978575e-12,1.0629719326971099e-08,3.7572021298615255e-06
2,2.0,Zz,0.0,0.0,0.0,1.0629719326971099e-08,3.7572021298615255e-06
3,3.0,Cl,14.758321673382952,-1.310534865729759e-07,2.87094034297851e-14,1.0629719326971099e-08,3.7572021298615255e-06
3,3.0,H,2187.459661431888,-2.734813531324181e-05,2.0690102327811447e-12,1.0629719326971099e-08,3.7572021298615255e-06
3,3.0,Na,14.758321673382955,-1.3105348657663805e-07,3.2265779255533057e-14,1.0629719326971099e-08,3.7572021298615255e-06
3,3.0,O,1093.7298307159458,-1.367406765615215e-05,2.6256520896839226e-12,1.0629719326971099e-08,3.7572021298615255e-06
3,3.0,Zz,0.0,0.0,0.0,1.0629719326971099e-08,3.7572021298615255e-06
4,4.0,Cl,14.758321643340324,-1.6109612057088553e-07,3.4766383675549216e-14,1.0331291377951857e-08,3.7572021243104103e-06
4,4.0,H,2187.4596551626164,-3.361740768067537e-05,2.85634885833835e-12,1.0331291377951857e-08,3.7572021243104103e-06
4,4.0,Na,14.75832164334032,-1.6109612057454768e-07,3.121733214369617e-14,1.0331291377951857e-08,3.7572021243104103e-06
4,4.0,O,1093.72982758131,-1.6808703839634554e-05,3.0190870250578882e-12,1.0331291377951857e-08,3.7572021243104103e-06
4,4.0,Zz,0.0,0.0,0.0,1.0331291377951857e-08,3.7572021243104103e-06
5,5.0,Cl,14.75832161717891,-1.872575298363109e-07,2.9663633611061015e-14,1.0629719326971099e-08,3.7572021360787744e-06
5,5.0,H,2187.459649703276,-3.90767494569544e-05,4.459808092488818e-12,1.0629719326971099e-08,3.7572021360787744e-06
5,5.0,Na,14.758321617178908,-1.8725752984729733e-07,2.7898263212503127e-14,1.0629719326971099e-08,3.7572021360787744e-06
5,5.0,O,1093.7298248516395,-1.953837472753969e-05,3.365834913842021e-12,1.0629719326971099e-08,3.7572021360787744e-06
5,5.0,Zz,0.0,0.0,0.0,1.0629719326971099e-08,3.7572021360787744e-06
6,6.0,Cl,14.758321593930946,-2.105054964098655e-07,3.268294779955569e-14,1.0629719326971099e-08,3.757202131193793e-06
6,6.0,H,2187.4596448519114,-4.3928116165561135e-05,6.3758573954860766e-12,1.0629719326971099e-08,3.757202131193793e-06
6,6.0,Na,14.758321593930946,-2.1050549642451408e-07,3.26975963873455e-14,1.0629719326971099e-08,3.757202131193793e-06
6,6.0,O,1093.7298224259578,-2.196405808160868e-05,5.0057462142657095e-12,1.0629719326971099e-08,3.757202131193793e-06
6,6.0,Zz,0.0,0.0,0.0,1.0629719326971099e-08,3.757202131193793e-06
7,7.0,Cl,14.758321572918652,-2.3151779707302324e-07,3.9219229103001495e-14,1.0331291377951857e-08,3.7572021445164694e-06
7,7.0,H,2187.4596404670824,-4.831294614930667e-05,7.333508989957813e-12,1.0331291377951857e-08,3.7572021445164694e-06
7,7.0,Na,14.758321572918648,-2.3151779709133397e-07,3.5684826158938264e-14,1.0331291377951857e-08,3.7572021445164694e-06
7,7.0,O,1093.729820233543,-2.415647307324707e-05,5.2569639586537084e-12,1.0331291377951857e-08,3.7572021445164694e-06
7,7.0,Zz,0.0,0.0,0.0,1.0331291377951857e-08,3.7572021445164694e-06
8,8.0,Cl,14.758321553659865,-2.5077657744097837e-07,3.302168283966802e-14,1.0246026249660645e-08,3.757202127419035e-06
8,8.0,H,2187.459636448176,-5.233185284961608e-05,7.46805697523275e-12,1.0246026249660645e-08,3.757202127419035e-06
8,8.0,Na,14.758321553659863,-2.507765774592891e-07,3.126363673500504e-14,1.0246026249660645e-08,3.757202127419035e-06
8,8.0,O,1093.72981822409,-2.61659264231674e-05,5.551377249329772e-12,1.0246026249660645e-08,3.757202127419035e-06
8,8.0,Zz,0.0,0.0,0.0,1.0246026249660645e-08,3.757202127419035e-06
9,9.0,Cl,14.758321535805868,-2.6863058554649956e-07,4.3735578178696205e-14,1.0629719326971099e-08,3.757202140741711e-06
9,9.0,H,2187.459632722415,-5.605761282539704e-05,6.4818678514335336e-12,1.0629719326971099e-08,3.757202140741711e-06
9,9.0,Na,14.758321535805864,-2.68630585557486e-07,4.0193850940738066e-14,1.0629719326971099e-08,3.757202140741711e-06
9,9.0,O,1093.7298163612097,-2.80288064108235e-05,5.285421985468759e-12,1.0629719326971099e-08,3.757202140741711e-06
9,9.0,Zz,0.0,0.0,0.0,1.0629719326971099e-08,3.757202140741711e-06
10,10.0,Cl,14.758321519099914,-2.853365255691794e-07,2.980472497434613e-14,1.0629719326971099e-08,3.757202133414239e-06
10,10.0,H,2187.459629236235,-5.954379467121042e-05,8.279041582609677e-12,1.0629719326971099e-08,3.757202133414239e-06
10,10.0,Na,14.758321519099916,-2.8533652557833475e-07,3.159023718111501e-14,1.0629719326971099e-08,3.757202133414239e-06
10,10.0,O,1093.72981461812,-2.9771897333495815e-05,6.4111481490954254e-12,1.0629719326971099e-08,3.757202133414239e-06
10,10.0,Zz,0.0,0.0,0.0,1.0629719326971099e-08,3.757202133414239e-06
11,11.0,Cl,14.758321503349677,-3.010867707702042e-07,3.833530771207559e-14,1.0373923942097463e-08,3.7572021331921945e-06
11,11.0,H,2187.459625949488,-6.28305431390702e-05,9.78697177011871e-12,1.0373923942097463e-08,3.7572021331921945e-06
11,11.0,Na,14.758321503349677,-3.010867707976703e-07,3.83627738141815e-14,1.0373923942097463e-08,3.7572021331921945e-06
11,11.0,O,1093.7298129747462,-3.1415271567191325e-05,6.937505190002073e-12,1.0373923942097463e-08,3.7572021331921945e-06
11,11.0,Zz,0.0,0.0,0.0,1.0373923942097463e-08,3.7572021331921945e-06
12,12.0,Cl,14.758321488408336,-3.160281092279867e-07,3.6183892148108985e-14,1.0629719326971099e-08,3.7572021232001873e-06
12,12.0,H,2187.4596228315418,-6.594848955471109e-05,1.0095090074210139e-11,1.0629719326971099e-08,3.7572021232001873e-06
12,12.0,Na,14.758321488408336,-3.160281092554528e-07,3.621135825021489e-14,1.0629719326971099e-08,3.7572021232001873e-06
12,12.0,O,1093.7298114157727,-3.297424477477739e-05,6.636582613756686e-12,1.0629719326971099e-08,3.7572021232001873e-06
12,12.0,Zz,0.0,0.0,0.0,1.0629719326971099e-08,3.7572021232001873e-06
13,13.0,Cl,14.7583214741619,-3.3027455377605233e-07,4.381290577521474e-14,1.035971308738226e-08,3.7572021187592952e-06
13,13.0,H,2187.4596198586046,-6.892142603039998e-05,9.389012354046877e-12,1.035971308738226e-08,3.7572021187592952e-06
13,13.0,Na,14.758321474161896,-3.302745538053495e-07,4.028948927199387e-14,1.035971308738226e-08,3.7572021187592952e-06
13,13.0,O,1093.729809929304,-3.446071301238746e-05,6.2833093762704184e-12,1.035971308738226e-08,3.7572021187592952e-06
13,13.0,Zz,0.0,0.0,0.0,1.035971308738226e-08,3.7572021187592952e-06
14,14.0,Cl,14.758321460520259,-3.4391619314695416e-07,4.2477866177405104e-14,1.057287590811029e-08,3.7572021427401125e-06
14,14.0,H,2187.4596170118784,-7.176815230332781e-05,9.51468595480464e-12,1.057287590811029e-08,3.7572021427401125e-06
14,14.0,Na,14.758321460520257,-3.4391619317625134e-07,4.0730806513584485e-14,1.057287590811029e-08,3.7572021427401125e-06
14,14.0,O,1093.7298085059417,-3.5884076148617e-05,7.028032825574359e-12,1.057287590811029e-08,3.7572021427401125e-06
14,14.0,Zz,0.0,0.0,0.0,1.057287590811029e-08,3.7572021427401125e-06
15,15.0,Cl,14.758321447411072,-3.570253805020061e-07,4.320780269599257e-14,1.0331291377951857e-08,3.757202140297622e-06
15,15.0,H,2187.459614276265,-7.450376691226495e-05,1.0489337114280746e-11,1.0331291377951857e-08,3.757202140297622e-06
15,15.0,Na,14.758321447411069,-3.5702538051848574e-07,3.967156867845561e-14,1.0331291377951857e-08,3.757202140297622e-06
15,15.0,O,1093.729807138135,-3.725188345285119e-05,7.515124027907775e-12,1.0331291377951857e-08,3.757202140297622e-06
15,15.0,Zz,0.0,0.0,0.0,1.0331291377951857e-08,3.757202140297622e-06
16,16.0,Cl,14.758321434775343,-3.696611149302344e-07,4.8728391492853135e-14,1.0629719326971099e-08,3.757202147625094e-06
16,16.0,H,2187.45961163945,-7.714058172893497e-05,1.0535922096788566e-11,1.0629719326971099e-08,3.757202147625094e-06
16,16.0,Na,14.758321434775342,-3.6966111494671407e-07,4.696851431471643e-14,1.0629719326971099e-08,3.757202147625094e-06
16,16.0,O,1093.7298058197277,-3.8570290860951825e-05,7.76555581720028e-12,1.0629719326971099e-08,3.757202147625094e-06
16,16.0,Zz,0.0,0.0,0.0,1.0629719326971099e-08,3.757202147625094e-06
17,17.0,Cl,14.758321422564276,-3.818721846532418e-07,5.0738856909808805e-14,1.0686562745831907e-08,3.7572021642784392e-06
17,17.0,H,2187.4596090912546,-7.96887777002707e-05,1.1081924142447921e-11,1.0686562745831907e-08,3.7572021642784392e-06
17,17.0,Na,14.758321422564272,-3.818721846623972e-07,4.719529859837694e-14,1.0686562745831907e-08,3.7572021642784392e-06
17,17.0,O,1093.7298045456298,-3.9844388846385314e-05,7.810948787182088e-12,1.0686562745831907e-08,3.7572021642784392e-06
17,17.0,Zz,0.0,0.0,0.0,1.0686562745831907e-08,3.7572021642784392e-06
18,18.0,Cl,14.758321410737011,-3.936994525153036e-07,5.409981122319688e-14,1.0615508472255897e-08,3.7572021167608938e-06
18,18.0,H,2187.459606623151,-8.215688243156741e-05,1.2310314687112925e-11,1.0615508472255897e-08,3.7572021167608938e-06
18,18.0,Na,14.758321410737011,-3.936994525317833e-07,5.411629088446042e-14,1.0615508472255897e-08,3.7572021167608938e-06
18,18.0,O,1093.7298033115776,-4.107844121179929e-05,7.970162331223489e-12,1.0615508472255897e-08,3.7572021167608938e-06
18,18.0,Zz,0.0,0.0,0.0,1.0615508472255897e-08,3.7572021167608938e-06
19,19.0,Cl,14.758321399258925,-4.0517754092371087e-07,5.6471031889915535e-14,1.0615508472255897e-08,3.7572021298615255e-06
19,19.0,H,2187.4596042279145,-8.45521204882229e-05,1.376058066050647e-11,1.0615508472255897e-08,3.7572021298615255e-06
19,19.0,Na,14.758321399258925,-4.051775409438527e-07,5.649117369812653e-14,1.0615508472255897e-08,3.7572021298615255e-06
19,19.0,O,1093.7298021139595,-4.227606023989266e-05,8.922434615958857e-12,1.0615508472255897e-08,3.7572021298615255e-06
19,19.0,Zz,0.0,0.0,0.0,1.0615508472255897e-08,3.7572021298615255e-06
20,20.0,Cl,14.758321388100375,-4.163360912569577e-07,5.716443397166379e-14,1.0615508472255897e-08,3.7572021400755773e-06
20,20.0,H,2187.459601899357,-8.688067777053545e-05,1.3585816824833452e-11,1.0615508472255897e-08,3.7572021400755773e-06
20,20.0,Na,14.758321388100375,-4.1633609128808595e-07,5.719556222071715e-14,1.0615508472255897e-08,3.7572021400755773e-06
20,20.0,O,1093.7298009496799,-4.3440338880814555e-05,7.925323618944782e-12,1.0615508472255897e-08,3.7572021400755773e-06
20,20.0,Zz,0.0,0.0,0.0,1.0615508472255897e-08,3.7572021400755773e-06
21,21.0,Cl,14.758321377235744,-4.272007182107125e-07,5.225734801506552e-14,1.0629719326971099e-08,3.757202134524462e-06
21,21.0,H,2187.459599632136,-8.914789933096956e-05,1.4011862118712762e-11,1.0629719326971099e-08,3.757202134524462e-06
21,21.0,Na,14.758321377235744,-4.2720071823451645e-07,5.228115197022397e-14,1.0629719326971099e-08,3.757202134524462e-06
21,21.0,O,1093.7297998160698,-4.4573949660797234e-05,8.592859239366264e-12,1.0629719326971099e-08,3.757202134524462e-06
21,21.0,Zz,0.0,0.0,0.0,1.0629719326971099e-08,3.757202134524462e-06
22,22.0,Cl,14.758321366642726,-4.377937425235585e-07,5.85518817743211e-14,1.0302869668521453e-08,3.7572021522880306e-06
22,22.0,H,2187.459597421593,-9.135844293114094e-05,1.4823217116656864e-11,1.0302869668521453e-08,3.7572021522880306e-06
22,22.0,Na,14.758321366642724,-4.377937425162342e-07,5.676820064102594e-14,1.0302869668521453e-08,3.7572021522880306e-06
22,22.0,O,1093.7297987107981,-4.567922146064855e-05,8.770928685490446e-12,1.0302869668521453e-08,3.7572021522880306e-06
22,22.0,Zz,0.0,0.0,0.0,1.0302869668521453e-08,3.7572021522880306e-06
23,23.0,Cl,14.758321356301714,-4.481347610155815e-07,6.544132769471263e-14,1.0587086762825493e-08,3.757202128973347e-06
23,23.0,H,2187.459595263637,-9.351639832111924e-05,1.3953288191211922e-11,1.0587086762825493e-08,3.757202128973347e-06
23,23.0,Na,14.758321356301714,-4.4813476098994645e-07,6.541569266608045e-14,1.0587086762825493e-08,3.757202128973347e-06
23,23.0,O,1093.72979763182,-4.675819915540332e-05,8.335729845363338e-12,1.0587086762825493e-08,3.757202128973347e-06
23,23.0,Zz,0.0,0.0,0.0,1.0587086762825493e-08,3.757202128973347e-06
24,24.0,Cl,14.758321346195364,-4.5824109528725816e-07,5.017798260883958e-14,1.0857093002414331e-08,3.757202154952566e-06
24,24.0,H,2187.4595931546564,-9.562537985362381e-05,1.506082865571686e-11,1.0857093002414331e-08,3.757202154952566e-06
24,24.0,Na,14.758321346195366,-4.582410952707785e-07,5.193785978697629e-14,1.0857093002414331e-08,3.757202154952566e-06
24,24.0,O,1093.7297965773303,-4.7812689921421224e-05,9.344013051097635e-12,1.0857093002414331e-08,3.757202154952566e-06
24,24.0,Zz,0.0,0.0,0.0,1.0857093002414331e-08,3.757202154952566e-06
25,25.0,Cl,14.75832133630833,-4.681281492583869e-07,6.895855244002863e-14,1.0629719326971099e-08,3.7572021445164694e-06
25,25.0,H,2187.4595910914354,-9.768860219539624e-05,1.6384567286904447e-11,1.0629719326971099e-08,3.7572021445164694e-06
25,25.0,Na,14.758321336308331,-4.681281492419072e-07,7.071842961816534e-14,1.0629719326971099e-08,3.7572021445164694e-06
25,25.0,O,1093.729795545719,-4.884430109207306e-05,9.323526962957095e-12,1.0629719326971099e-08,3.7572021445164694e-06
25,25.0,Zz,0.0,0.0,0.0,1.0629719326971099e-08,3.7572021445164694e-06
26,26.0,Cl,14.758321326626776,-4.778096969083556e-07,6.327171675130826e-14,1.0629719326971099e-08,3.7572021283072132e-06
26,26.0,H,2187.4595890710966,-9.970893982294409e-05,1.5214522580708247e-11,1.0629719326971099e-08,3.7572021283072132e-06
26,26.0,Na,14.758321326626778,-4.778096968845517e-07,6.502426963555006e-14,1.0629719326971099e-08,3.7572021283072132e-06
26,26.0,O,1093.729794535551,-4.985446990561261e-05,1.010251228511375e-11,1.0629719326971099e-08,3.7572021283072132e-06
26,26.0,Zz,0.0,0.0,0.0,1.0629719326971099e-08,3.7572021283072132e-06
27,27.0,Cl,14.758321317138357,-4.872981163842884e-07,6.380820889125341e-14,1.0629719326971099e-08,3.7572021265308564e-06
27,27.0,H,2187.4595870910616,-0.00010168897557708282,1.5974030461557952e-11,1.0629719326971099e-08,3.7572021265308564e-06
27,27.0,Na,14.758321317138359,-4.87298116349498e-07,6.554977533465285e-14,1.0629719326971099e-08,3.7572021265308564e-06
27,27.0,O,1093.7297935455324,-5.0844487782447595e-05,9.345163470917805e-12,1.0629719326971099e-08,3.7572021265308564e-06
27,27.0,Zz,0.0,0.0,0.0,1.0629719326971099e-08,3.7572021265308564e-06
28,28.0,Cl,14.758321307831897,-4.966045821391732e-07,6.99601401539762e-14,1.0615508472255897e-08,3.757202154286432e-06
28,28.0,H,2187.459585148999,-0.00010363104133958739,1.905519791706601e-11,1.0615508472255897e-08,3.757202154286432e-06
28,28.0,Na,14.758321307831899,-4.966045821043828e-07,7.170170659737563e-14,1.0615508472255897e-08,3.757202154286432e-06
28,28.0,O,1093.7297925745006,-5.1815520663465505e-05,1.0430765470380732e-11,1.0615508472255897e-08,3.757202154286432e-06
28,28.0,Zz,0.0,0.0,0.0,1.0615508472255897e-08,3.757202154286432e-06
29,29.0,Cl,14.758321298697254,-5.057392241125103e-07,6.866945792460881e-14,1.0629719326971099e-08,3.757202154952566e-06
29,29.0,H,2187.4595832427876,-0.00010553725108554994,1.7491472530909054e-11,1.0629719326971099e-08,3.757202154952566e-06
29,29.0,Na,14.758321298697252,-5.057392240740578e-07,6.68546485422603e-14,1.0629719326971099e-08,3.757202154952566e-06
29,29.0,O,1093.7297916213963,-5.27686255362124e-05,1.101291045255701e-11,1.0629719326971099e-08,3.757202154952566e-06
29,29.0,Zz,0.0,0.0,0.0,1.0629719326971099e-08,3.757202154952566e-06
30,30.0,Cl,14.75832128972522,-5.147112605105547e-07,7.1284918529965e-14,1.0629719326971099e-08,3.7572021422960233e-06
30,30.0,H,2187.459581370511,-0.00010740952836646359,1.8074263453634644e-11,1.0629719326971099e-08,3.7572021422960233e-06
30,30.0,Na,14.758321289725222,-5.147112604611157e-07,7.301183638557462e-14,1.0629719326971099e-08,3.7572021422960233e-06
30,30.0,O,1093.7297906852573,-5.370476417643485e-05,1.0621950510185472e-11,1.0629719326971099e-08,3.7572021422960233e-06
30,30.0,Zz,0.0,0.0,0.0,1.0629719326971099e-08,3.7572021422960233e-06
31,31.0,Cl,14.758321280907357,-5.235291095218963e-07,5.6523767790634674e-14,1.0544454198679887e-08,3.7572021316378823e-06
31,31.0,H,2187.459579530411,-0.00010924962993358075,1.9501564547789486e-11,1.0544454198679887e-08,3.7572021316378823e-06
31,31.0,Na,14.758321280907358,-5.235291094468222e-07,5.822505061761212e-14,1.0544454198679887e-08,3.7572021316378823e-06
31,31.0,O,1093.7297897652068,-5.462481495975905e-05,1.0880619328971792e-11,1.0544454198679887e-08,3.7572021316378823e-06
31,31.0,Zz,0.0,0.0,0.0,1.0544454198679887e-08,3.7572021316378823e-06
32,32.0,Cl,14.758321272236005,-5.322004838429293e-07,7.920806545973555e-14,1.0686562745831907e-08,3.7572021411858003e-06
32,32.0,H,2187.459577720875,-0.00011105916510544805,1.9012563577539346e-11,1.0686562745831907e-08,3.7572021411858003e-06
32,32.0,Na,14.758321272236005,-5.322004837678553e-07,7.913299144731274e-14,1.0686562745831907e-08,3.7572021411858003e-06
32,32.0,O,1093.7297888604394,-5.552958254545833e-05,1.1090631817328549e-11,1.0686562745831907e-08,3.7572021411858003e-06
32,32.0,Zz,0.0,0.0,0.0,1.0686562745831907e-08,3.7572021411858003e-06
33,33.0,Cl,14.758321263704012,-5.407324712523788e-07,7.372754418001631e-14,1.0658141036401503e-08,3.7572020881171397e-06
33,33.0,H,2187.459575940427,-0.00011283961319760976,1.8903409111474534e-11,1.0658141036401503e-08,3.7572020881171397e-06
33,33.0,Na,14.75832126370401,-5.407324711498387e-07,7.184864722608735e-14,1.0658141036401503e-08,3.7572020881171397e-06
33,33.0,O,1093.7297879702148,-5.6419806591304804e-05,1.0581072856005042e-11,1.0658141036401503e-08,3.7572020881171397e-06
33,33.0,Zz,0.0,0.0,0.0,1.0658141036401503e-08,3.7572020881171397e-06
34,34.0,Cl,14.75832125530488,-5.491316036262638e-07,7.404490455546292e-14,1.0629719326971099e-08,3.7572021427401125e-06
34,34.0,H,2187.4595741877033,-0.00011459233725805585,1.9344280517696877e-11,1.0629719326971099e-08,3.7572021427401125e-06
34,34.0,Na,14.758321255304878,-5.49131603531048e-07,7.217333189542887e-14,1.0629719326971099e-08,3.7572021427401125e-06
34,34.0,O,1093.7297870938535,-5.729616862129347e-05,1.125602153259804e-11,1.0629719326971099e-08,3.7572021427401125e-06
34,34.0,Zz,0.0,0.0,0.0,1.0629719326971099e-08,3.7572021427401125e-06
35,35.0,Cl,14.75832124703258,-5.574039163928304e-07,8.663327973041881e-14,1.0629719326971099e-08,3.7572021618359486e-06
35,35.0,H,2187.4595724614446,-0.0001163185967193782,2.0117607720752245e-11,1.0629719326971099e-08,3.7572021618359486e-06
35,35.0,Na,14.75832124703258,-5.574039162976146e-07,8.653806390978501e-14,1.0629719326971099e-08,3.7572021618359486e-06
35,35.0,O,1093.7297862307234,-5.8159298351720265e-05,1.0960329730391391e-11,1.0629719326971099e-08,3.7572021618359486e-06
35,35.0,Zz,0.0,0.0,0.0,1.0629719326971099e-08,3.7572021618359486e-06
36,36.0,Cl,14.758321238881505,-5.655550000278113e-07,9.578621717328629e-14,2.020783540501725e-08,3.757202145848737e-06
36,36.0,H,2187.459570760483,-0.0001180195583395036,2.0190120449538156e-11,2.020783540501725e-08,3.757202145848737e-06
36,36.0,Na,14.758321238881505,-5.655549999380887e-07,9.569649457307367e-14,2.020783540501725e-08,3.757202145848737e-06
36,36.0,O,1093.7297853802438,-5.90097791615486e-05,1.2133220101372133e-11,2.020783540501725e-08,3.757202145848737e-06
36,36.0,Zz,0.0,0.0,0.0,2.020783540501725e-08,3.757202145848737e-06
37,37.0,Cl,14.758321230846452,-5.73590044813168e-07,8.70601390195723e-14,1.0658141036401503e-08,3.7572021518439414e-06
37,37.0,H,2187.4595690837364,-0.0001196963049959994,2.0140690927105548e-11,1.0658141036401503e-08,3.7572021518439414e-06
37,37.0,Na,14.758321230846452,-5.735900447344319e-07,8.698140286020204e-14,1.0658141036401503e-08,3.7572021518439414e-06
37,37.0,O,1093.7297845418702,-5.984815248956212e-05,1.188089728730796e-11,1.0658141036401503e-08,3.7572021518439414e-06
37,37.0,Zz,0.0,0.0,0.0,1.0658141036401503e-08,3.7572021518439414e-06
38,38.0,Cl,14.758321222922614,-5.815138799817651e-07,8.464265923662612e-14,1.0629719326971099e-08,3.7572021618359486e-06
38,38.0,H,2187.459567430198,-0.00012134984452491072,2.1449476756926246e-11,1.0629719326971099e-08,3.7572021618359486e-06
38,38.0,Na,14.758321222922614,-5.815138799176775e-07,8.457857166504568e-14,1.0629719326971099e-08,3.7572021618359486e-06
38,38.0,O,1093.7297837151011,-6.06749222537834e-05,1.2535055824813672e-11,1.0629719326971099e-08,3.7572021618359486e-06
38,38.0,Zz,0.0,0.0,0.0,1.0629719326971099e-08,3.7572021618359486e-06
39,39.0,Cl,14.758321215105495,-5.893310080408288e-07,9.330548679319068e-14,1.0629719326971099e-08,3.75720214695896e-06
39,39.0,H,2187.459565798926,-0.00012298111655051537,2.1504244728225846e-11,1.0629719326971099e-08,3.75720214695896e-06
39,39.0,Na,14.758321215105493,-5.893310079767413e-07,9.146504238220998e-14,1.0629719326971099e-08,3.75720214695896e-06
39,39.0,O,1093.729782899465,-6.149055826635136e-05,1.2334831764391867e-11,1.0629719326971099e-08,3.75720214695896e-06
39,39.0,Zz,0.0,0.0,0.0,1.0629719326971099e-08,3.75720214695896e-06
40,40.0,Cl,14.75832120739087,-5.970456349571819e-07,9.483888017260491e-14,1.0629719326971099e-08,3.757202154286432e-06
40,40.0,H,2187.4595641890437,-0.00012459099852710234,2.1006391314999998e-11,1.0629719326971099e-08,3.757202154286432e-06
40,40.0,Na,14.75832120739087,-5.970456348894321e-07,9.477113045407702e-14,1.0629719326971099e-08,3.757202154286432e-06
40,40.0,O,1093.729782094524,-6.229549925441046e-05,1.2313044355817537e-11,1.0629719326971099e-08,3.757202154286432e-06
40,40.0,Zz,0.0,0.0,0.0,1.0629719326971099e-08,3.757202154286432e-06
41,41.0,Cl,14.758321199774807,-6.046616968982299e-07,9.43325595579992e-14,1.0629719326971099e-08,3.757202162057993e-06
41,41.0,H,2187.4595625997313,-0.00012618031207184679,2.2118365380343827e-11,1.0629719326971099e-08,3.757202162057993e-06
41,41.0,Na,14.758321199774803,-6.046616968304802e-07,9.07120961606708e-14,1.0629719326971099e-08,3.757202162057993e-06
41,41.0,O,1093.729781299868,-6.309015602654831e-05,1.3096170686528047e-11,1.0629719326971099e-08,3.757202162057993e-06
41,41.0,Zz,0.0,0.0,0.0,1.0629719326971099e-08,3.757202162057993e-06
42,42.0,Cl,14.75832119225362,-6.121828838839287e-07,9.408968207185733e-14,1.0629719326971099e-08,3.7572021438503356e-06
42,42.0,H,2187.4595610302167,-0.0001277498272121957,2.2706612089716527e-11,1.0629719326971099e-08,3.7572021438503356e-06
42,42.0,Na,14.758321192253618,-6.121828838381519e-07,9.22675483956139e-14,1.0629719326971099e-08,3.7572021438503356e-06
42,42.0,O,1093.72978051511,-6.387491359648838e-05,1.2707938637480064e-11,1.0629719326971099e-08,3.7572021438503356e-06
42,42.0,Zz,0.0,0.0,0.0,1.0629719326971099e-08,3.7572021438503356e-06
43,43.0,Cl,14.758321184823844,-6.19612660924688e-07,9.522482057062597e-14,1.0587086762825493e-08,3.757202145404648e-06
43,43.0,H,2187.4595594797765,-0.00012930026701153858,2.233148572745175e-11,1.0587086762825493e-08,3.757202145404648e-06
43,43.0,Na,14.758321184823844,-6.196126608624315e-07,9.516256407251925e-14,1.0587086762825493e-08,3.757202145404648e-06
43,43.0,O,1093.7297797398908,-6.465013349592545e-05,1.3429635780715966e-11,1.0587086762825493e-08,3.757202145404648e-06
43,43.0,Zz,0.0,0.0,0.0,1.0587086762825493e-08,3.757202145404648e-06
44,44.0,Cl,14.758321177482232,-6.269542867147935e-07,1.0925195839237061e-13,1.0629719326971099e-08,3.75720213008357e-06
44,44.0,H,2187.4595579477323,-0.00013083231168065435,2.2720717641295726e-11,1.0629719326971099e-08,3.75720213008357e-06
44,44.0,Na,14.758321177482228,-6.26954286652537e-07,1.0563698821546339e-13,1.0629719326971099e-08,3.75720213008357e-06
44,44.0,O,1093.7297789738684,-6.541615583024896e-05,1.3396643684790085e-11,1.0629719326971099e-08,3.75720213008357e-06
44,44.0,Zz,0.0,0.0,0.0,1.0629719326971099e-08,3.75720213008357e-06
45,45.0,Cl,14.758321170225685,-6.34210830546026e-07,1.0572019162659747e-13,1.0629719326971099e-08,3.7572021567289227e-06
45,45.0,H,2187.4595564334436,-0.0001323466012716441,2.36421389193317e-11,1.0629719326971099e-08,3.7572021567289227e-06
45,45.0,Na,14.758321170225685,-6.342108304892628e-07,1.0566342834891193e-13,1.0629719326971099e-08,3.7572021567289227e-06
45,45.0,O,1093.7297782167238,-6.617330062550946e-05,1.3629746270960204e-11,1.0629719326971099e-08,3.7572021567289227e-06
45,45.0,Zz,0.0,0.0,0.0,1.0629719326971099e-08,3.7572021567289227e-06
46,46.0,Cl,14.758321163051342,-6.413851873773903e-07,1.19654013522609e-13,1.0629719326971099e-08,3.7572021400755773e-06
46,46.0,H,2187.4595549363057,-0.0001338437403654775,2.486274250715348e-11,1.0629719326971099e-08,3.7572021400755773e-06
46,46.0,Na,14.75832116305134,-6.413851873023163e-07,1.1780258267078594e-13,1.0629719326971099e-08,3.7572021400755773e-06
46,46.0,O,1093.7297774681554,-6.692187017219178e-05,1.469456103835292e-11,1.0629719326971099e-08,3.7572021400755773e-06
46,46.0,Zz,0.0,0.0,0.0,1.0629719326971099e-08,3.7572021400755773e-06
47,47.0,Cl,14.758321155956429,-6.484800913447698e-07,1.1051992446864205e-13,1.0629719326971099e-08,3.757202143628291e-06
47,47.0,H,2187.459553455747,-0.0001353242992504418,2.5053395610267343e-11,1.0629719326971099e-08,3.757202143628291e-06
47,47.0,Na,14.758321155956427,-6.484800912806823e-07,1.0867948005766136e-13,1.0629719326971099e-08,3.757202143628291e-06
47,47.0,O,1093.729776727875,-6.766214961443955e-05,1.3880158510732286e-11,1.0629719326971099e-08,3.757202143628291e-06
47,47.0,Zz,0.0,0.0,0.0,1.0629719326971099e-08,3.757202143628291e-06
48,48.0,Cl,14.758321148938391,-6.554981281334857e-07,1.0960211048369986e-13,1.0629719326971099e-08,3.757202127419035e-06
48,48.0,H,2187.459551991229,-0.00013678881735998833,2.5226686137160698e-11,1.0629719326971099e-08,3.757202127419035e-06
48,48.0,Na,14.758321148938391,-6.554981280803846e-07,1.0954900935296178e-13,1.0629719326971099e-08,3.757202127419035e-06
48,48.0,O,1093.729775995617,-6.839440866897844e-05,1.4876064098547255e-11,1.0629719326971099e-08,3.757202127419035e-06
48,48.0,Zz,0.0,0.0,0.0,1.0629719326971099e-08,3.757202127419035e-06
49,49.0,Cl,14.758321141994776,-6.624417459500846e-07,1.119583229971426e-13,1.0629719326971099e-08,3.7572021505116737e-06
49,49.0,H,2187.4595505422412,-0.00013823780583025784,2.583747975228208e-11,1.0629719326971099e-08,3.7572021505116737e-06
49,49.0,Na,14.758321141994776,-6.624417459043078e-07,1.1191254616029942e-13,1.0629719326971099e-08,3.7572021505116737e-06
49,49.0,O,1093.7297752711222,-6.911890290387882e-05,1.4271731826930381e-11,1.0629719326971099e-08,3.7572021505116737e-06
49,49.0,Zz,0.0,0.0,0.0,1.0629719326971099e-08,3.7572021505116737e-06
50,50.0,Cl,14.758321135123257,-6.693132656042252e-07,1.1314711796262536e-13,1.0857093002414331e-08,3.7572021669429745e-06
50,50.0,H,2187.4595491082996,-0.0001396717488946254,2.7267970189757615e-11,1.0857093002414331e-08,3.7572021669429745e-06
50,50.0,Na,14.758321135123255,-6.693132655694348e-07,1.113359707272243e-13,1.0857093002414331e-08,3.7572021669429745e-06
50,50.0,O,1093.7297745541518,-6.983587443582821e-05,1.5441490019149975e-11,1.0857093002414331e-08,3.7572021669429745e-06
50,50.0,Zz,0.0,0.0,0.0,1.0857093002414331e-08,3.7572021669429745e-06
51,51.0,Cl,14.758321128321647,-6.761148895981238e-07,1.271990856023067e-13,1.0629719326971099e-08,3.7572021602816363e-06
51,51.0,H,2187.4595476889394,-0.0001410911065429454,2.4756219264236018e-11,1.0629719326971099e-08,3.7572021602816363e-06
51,51.0,Na,14.758321128321647,-6.761148895578402e-07,1.271588019858847e-13,1.0629719326971099e-08,3.7572021602816363e-06
51,51.0,O,1093.7297738444724,-7.054555325975384e-05,1.4867501205314236e-11,1.0629719326971099e-08,3.7572021602816363e-06
51,51.0,Zz,0.0,0.0,0.0,1.0629719326971099e-08,3.7572021602816363e-06
52,52.0,Cl,14.758321121587823,-6.828487103608884e-07,1.2379691064229873e-13,1.0629719326971099e-08,3.757202145848737e-06
52,52.0,H,2187.4595462837347,-0.000142496314832336,2.8261077316240127e-11,1.0629719326971099e-08,3.757202145848737e-06
52,52.0,Na,14.758321121587821,-6.828487103297601e-07,1.2198942555384512e-13,1.0629719326971099e-08,3.757202145848737e-06
52,52.0,O,1093.7297731418691,-7.124815740421476e-05,1.5710201152138725e-11,1.0629719326971099e-08,3.757202145848737e-06
52,52.0,Zz,0.0,0.0,0.0,1.0629719326971099e-08,3.757202145848737e-06
53,53.0,Cl,14.758321114919807,-6.895167179078958e-07,1.158708077793005e-13,1.0317080523236655e-08,3.7572021400755773e-06
53,53.0,H,2187.45954489226,-0.00014388778924814968,2.8079123770043124e-11,1.0317080523236655e-08,3.7572021400755773e-06
53,53.0,Na,14.758321114919807,-6.895167178785986e-07,1.1584151060372086e-13,1.0317080523236655e-08,3.7572021400755773e-06
53,53.0,O,1093.7297724461316,-7.194389461188723e-05,1.5391616326192355e-11,1.0317080523236655e-08,3.7572021400755773e-06
53,53.0,Zz,0.0,0.0,0.0,1.0317080523236655e-08,3.7572021400755773e-06
54,54.0,Cl,14.758321108315728,-6.961208066853421e-07,1.2558686437220566e-13,1.0331291377951857e-08,3.7572021611698148e-06
54,54.0,H,2187.4595435141246,-0.00014526592512303997,2.8460290385241144e-11,1.0331291377951857e-08,3.7572021611698148e-06
54,54.0,Na,14.758321108315725,-6.961208066560449e-07,1.2200485351782553e-13,1.0331291377951857e-08,3.7572021611698148e-06
54,54.0,O,1093.729771757064,-7.2632962549098e-05,1.580933893182996e-11,1.0331291377951857e-08,3.7572021611698148e-06
54,54.0,Zz,0.0,0.0,0.0,1.0331291377951857e-08,3.7572021611698148e-06
55,55.0,Cl,14.75832110177375,-7.02662781832511e-07,1.2310774907218222e-13,1.0629719326971099e-08,3.757202148069183e-06
55,55.0,H,2187.459542148951,-0.00014663109897759962,2.8939616030171714e-11,1.0629719326971099e-08,3.757202148069183e-06
55,55.0,Na,14.758321101773749,-7.026627817995517e-07,1.212984329102549e-13,1.0629719326971099e-08,3.757202148069183e-06
55,55.0,O,1093.7297710744776,-7.331554947614344e-05,1.627614105233384e-11,1.0629719326971099e-08,3.757202148069183e-06
55,55.0,Zz,0.0,0.0,0.0,1.0629719326971099e-08,3.757202148069183e-06
56,56.0,Cl,14.758321095292168,-7.091443650412074e-07,1.2304634394806662e-13,1.0629719326971099e-08,3.7572021305276593e-06
56,56.0,H,2187.4595407963798,-0.00014798367054397437,2.9089344539927342e-11,1.0629719326971099e-08,3.7572021305276593e-06
56,56.0,Na,14.758321095292168,-7.091443650082481e-07,1.2301338462553953e-13,1.0629719326971099e-08,3.7572021305276593e-06
56,56.0,O,1093.729770398192,-7.399183525909644e-05,1.6350770929807017e-11,1.0629719326971099e-08,3.7572021305276593e-06
56,56.0,Zz,0.0,0.0,0.0,1.0629719326971099e-08,3.7572021305276593e-06
57,57.0,Cl,14.758321088869337,-7.155671998347394e-07,1.2757223760276922e-13,1.0629719326971099e-08,3.7572021562848334e-06
57,57.0,H,2187.4595394560683,-0.00014932398238242167,2.9499725497659016e-11,1.0629719326971099e-08,3.7572021562848334e-06
57,57.0,Na,14.75832108886934,-7.155671997962869e-07,1.3108649873862146e-13,1.0629719326971099e-08,3.7572021562848334e-06
57,57.0,O,1093.7297697280364,-7.466199117808572e-05,1.678310070671145e-11,1.0629719326971099e-08,3.7572021562848334e-06
57,57.0,Zz,0.0,0.0,0.0,1.0629719326971099e-08,3.7572021562848334e-06
58,58.0,Cl,14.75832108250368,-7.21932856453221e-07,1.2774431372243247e-13,1.0871303857129533e-08,3.757202171161822e-06
58,58.0,H,2187.45953812769,-0.00015065236235399133,3.1068463421509915e-11,1.0871303857129533e-08,3.757202171161822e-06
58,58.0,Na,14.758321082503677,-7.219328564184306e-07,1.2415680964763116e-13,1.0871303857129533e-08,3.757202171161822e-06
58,58.0,O,1093.7297690638472,-7.532618116363617e-05,1.756723529123226e-11,1.0871303857129533e-08,3.757202171161822e-06
58,58.0,Zz,0.0,0.0,0.0,1.0871303857129533e-08,3.757202171161822e-06
59,59.0,Cl,14.758321076193708,-7.282428363635038e-07,1.3466603583327913e-13,1.1638690011750441e-08,3.7572021613918594e-06
59,59.0,H,2187.459536810929,-0.00015196912378787089,3.1530084343119394e-11,1.1638690011750441e-08,3.7572021613918594e-06
59,59.0,Na,14.758321076193708,-7.282428363287134e-07,1.3463124543727832e-13,1.1638690011750441e-08,3.7572021613918594e-06
59,59.0,O,1093.7297684054658,-7.598456188034157e-05,1.6888316672859435e-11,1.1638690011750441e-08,3.7572021613918594e-06
59,59.0,Zz,0.0,0.0,0.0,1.1638690011750441e-08,3.7572021613918594e-06
60,60.0,Cl,14.758321069937965,-7.344985763955711e-07,1.3210749245384665e-13,1.050182163453428e-08,3.757202150289629e-06
60,60.0,H,2187.4595355054835,-0.0001532745664788955,2.8727182443824897e-11,1.050182163453428e-08,3.757202150289629e-06
60,60.0,Na,14.758321069937965,-7.344985763607807e-07,1.3207270205784584e-13,1.050182163453428e-08,3.757202150289629e-06
60,60.0,O,1093.729767752744,-7.66372832256195e-05,1.6396126047580478e-11,1.050182163453428e-08,3.757202150289629e-06
60,60.0,Zz,0.0,0.0,0.0,1.050182163453428e-08,3.757202150289629e-06
61,61.0,Cl,14.758321063735098,-7.407014525859591e-07,1.4074495137364094e-13,1.0629719326971099e-08,3.757202093002121e-06
61,61.0,H,2187.4595342110742,-0.0001545689779199039,3.0937722978081894e-11,1.0629719326971099e-08,3.757202093002121e-06
61,61.0,Na,14.758321063735096,-7.407014525456755e-07,1.389283109178187e-13,1.0629719326971099e-08,3.757202093002121e-06
61,61.0,O,1093.7297671055394,-7.728448894588932e-05,1.750116193730434e-11,1.0629719326971099e-08,3.757202093002121e-06
61,61.0,Zz,0.0,0.0,0.0,1.0629719326971099e-08,3.757202093002121e-06
62,62.0,Cl,14.758321057583766,-7.468527837172207e-07,1.3998790858313147e-13,1.0629719326971099e-08,3.7572021378551312e-06
62,62.0,H,2187.45953292742,-0.00015585263279501455,3.135721421561842e-11,1.0629719326971099e-08,3.7572021378551312e-06
62,62.0,Na,14.758321057583766,-7.468527836403156e-07,1.3991100349723494e-13,1.0629719326971099e-08,3.7572021378551312e-06
62,62.0,O,1093.729766463712,-7.792631638321027e-05,1.7483299503224733e-11,1.0629719326971099e-08,3.7572021378551312e-06
62,62.0,Zz,0.0,0.0,0.0,1.0629719326971099e-08,3.7572021378551312e-06
63,63.0,Cl,14.75832105148272,-7.529538345424447e-07,1.4581059475112472e-13,1.0615508472255897e-08,3.7572021664988853e-06
63,63.0,H,2187.459531654259,-0.00015712579499198932,3.2848438650135564e-11,1.0615508472255897e-08,3.7572021664988853e-06
63,63.0,Na,14.75832105148272,-7.529538344911747e-07,1.4575932469386037e-13,1.0615508472255897e-08,3.7572021664988853e-06
63,63.0,O,1093.7297658271311,-7.856289748146328e-05,1.7773929992192204e-11,1.0615508472255897e-08,3.7572021664988853e-06
63,63.0,Zz,0.0,0.0,0.0,1.0615508472255897e-08,3.7572021664988853e-06
64,64.0,Cl,14.758321045430735,-7.590058189859708e-07,1.446747735438006e-13,1.0629719326971099e-08,3.757202159837547e-06
64,64.0,H,2187.459530391335,-0.00015838871808833204,3.2056646833561464e-11,1.0629719326971099e-08,3.757202159837547e-06
64,64.0,Na,14.758321045430732,-7.590058189456872e-07,1.410817762485781e-13,1.0629719326971099e-08,3.757202159837547e-06
64,64.0,O,1093.7297651956694,-7.919435902940026e-05,1.760517338194375e-11,1.0629719326971099e-08,3.757202159837547e-06
64,64.0,Zz,0.0,0.0,0.0,1.0629719326971099e-08,3.757202159837547e-06
65,65.0,Cl,14.75832103942666,-7.650099027966144e-07,1.5302638531367616e-13,1.0629719326971099e-08,3.7572021562848334e-06
65,65.0,H,2187.459529138408,-0.0001596416455462904,3.2337485201530333e-11,1.0629719326971099e-08,3.7572021562848334e-06
65,65.0,Na,14.75832103942666,-7.650099027599928e-07,1.529897637383225e-13,1.0629719326971099e-08,3.7572021562848334e-06
65,65.0,O,1093.7297645692063,-7.982082275814507e-05,1.820010553941001e-11,1.0629719326971099e-08,3.7572021562848334e-06
65,65.0,Zz,0.0,0.0,0.0,1.0629719326971099e-08,3.7572021562848334e-06
66,66.0,Cl,14.758321033469358,-7.709672062851199e-07,1.5430779729683143e-13,2.0179413695586845e-08,3.7572021325260607e-06
66,66.0,H,2187.4595278952443,-0.00016088481087879513,3.3918493447943066e-11,2.0179413695586845e-08,3.7572021325260607e-06
66,66.0,Na,14.758321033469356,-7.70967206264978e-07,1.5251129854334107e-13,2.0179413695586845e-08,3.7572021325260607e-06
66,66.0,O,1093.729763947624,-8.044240542416305e-05,1.8535627934325276e-11,2.0179413695586845e-08,3.7572021325260607e-06
66,66.0,Zz,0.0,0.0,0.0,2.0179413695586845e-08,3.7572021325260607e-06
67,67.0,Cl,14.758321027557761,-7.76878806759488e-07,1.5823654955849959e-13,1.1965539670200087e-08,3.7572021371889974e-06
67,67.0,H,2187.4595266616175,-0.0001621184387304081,3.498005273568257e-11,1.1965539670200087e-08,3.7572021371889974e-06
67,67.0,Na,14.75832102755776,-7.768788067246975e-07,1.564254022172194e-13,1.1965539670200087e-08,3.7572021371889974e-06
67,67.0,O,1093.729763330811,-8.10592193492664e-05,1.952045179686758e-11,1.1965539670200087e-08,3.7572021371889974e-06
67,67.0,Zz,0.0,0.0,0.0,1.1965539670200087e-08,3.7572021371889974e-06
68,68.0,Cl,14.758321021690831,-7.827457407039519e-07,1.6212812437944245e-13,1.0629719326971099e-08,3.757202147625094e-06
68,68.0,H,2187.4595254373094,-0.0001633427456695177,3.381182302458069e-11,1.0629719326971099e-08,3.757202147625094e-06
68,68.0,Na,14.758321021690826,-7.827457406728235e-07,1.5676792550630922e-13,1.0629719326971099e-08,3.757202147625094e-06
68,68.0,O,1093.7297627186558,-8.167137281858682e-05,1.7799234186695843e-11,1.0629719326971099e-08,3.757202147625094e-06
68,68.0,Zz,0.0,0.0,0.0,1.0629719326971099e-08,3.757202147625094e-06
69,69.0,Cl,14.758321015867567,-7.885690060385213e-07,1.6381363090013992e-13,1.0544454198679887e-08,3.7572021411858003e-06
69,69.0,H,2187.4595242221167,-0.0001645579398723982,3.5318012728789705e-11,1.0544454198679887e-08,3.7572021411858003e-06
69,69.0,Na,14.758321015867567,-7.885690060018998e-07,1.6377700932478626e-13,1.0544454198679887e-08,3.7572021411858003e-06
69,69.0,O,1093.72976211106,-8.227896991979269e-05,1.9006842012282178e-11,1.0544454198679887e-08,3.7572021411858003e-06
69,69.0,Zz,0.0,0.0,0.0,1.0544454198679887e-08,3.7572021411858003e-06
70,70.0,Cl,14.75832101008701,-7.943495640635818e-07,1.653607612481345e-13,1.0629719326971099e-08,3.7572020821219354e-06
70,70.0,H,2187.4595230158343,-0.00016576422218634527,3.5254862289051114e-11,1.0629719326971099e-08,3.7572020821219354e-06
70,70.0,Na,14.758321010087007,-7.943495639994941e-07,1.6174395989187443e-13,1.0629719326971099e-08,3.7572020821219354e-06
70,70.0,O,1093.7297615079194,-8.288211107653185e-05,1.9657153441337942e-11,1.0629719326971099e-08,3.7572020821219354e-06
70,70.0,Zz,0.0,0.0,0.0,1.0629719326971099e-08,3.7572020821219354e-06
71,71.0,Cl,14.758321004348234,-8.000883412708254e-07,1.6600293747715033e-13,1.0317080523236655e-08,3.757202140297622e-06
71,71.0,H,2187.459521818271,-0.00016696178531310543,3.4875483469025415e-11,1.0317080523236655e-08,3.757202140297622e-06
71,71.0,Na,14.758321004348232,-8.000883412012445e-07,1.6415699973986933e-13,1.0317080523236655e-08,3.757202140297622e-06
71,71.0,O,1093.7297609091374,-8.348089263967755e-05,1.9239855978477223e-11,1.0317080523236655e-08,3.757202140297622e-06
71,71.0,Zz,0.0,0.0,0.0,1.0317080523236655e-08,3.757202140297622e-06
72,72.0,Cl,14.758320998650344,-8.057862311267157e-07,1.6569913291111245e-13,1.0615508472255897e-08,3.7572021434062464e-06
72,72.0,H,2187.4595206292415,-0.00016815081651687144,3.6816644595179596e-11,1.0615508472255897e-08,3.7572021434062464e-06
72,72.0,Na,14.758320998650342,-8.057862310534727e-07,1.63849533026884e-13,1.0615508472255897e-08,3.7572021434062464e-06
72,72.0,O,1093.7297603146221,-8.407540824132619e-05,1.952808113781998e-11,1.0615508472255897e-08,3.7572021434062464e-06
72,72.0,Zz,0.0,0.0,0.0,1.0615508472255897e-08,3.7572021434062464e-06
73,73.0,Cl,14.75832099299249,-8.114440957112982e-07,1.7565446688837542e-13,1.0629719326971099e-08,3.7572021416298895e-06
73,73.0,H,2187.4595194485646,-0.00016933149536347886,3.8745240848146734e-11,1.0629719326971099e-08,3.7572021416298895e-06
73,73.0,Na,14.758320992992491,-8.114440956160823e-07,1.7733560780126275e-13,1.0629719326971099e-08,3.7572021416298895e-06
73,73.0,O,1093.7297597242837,-8.466574766439551e-05,2.0492144886898912e-11,1.0629719326971099e-08,3.7572021416298895e-06
73,73.0,Zz,0.0,0.0,0.0,1.0629719326971099e-08,3.7572021416298895e-06
74,74.0,Cl,14.758320987373805,-8.170627671610852e-07,1.6291967105705831e-13,1.0331291377951857e-08,3.7572021518439414e-06
74,74.0,H,2187.459518276062,-0.00017050399519885802,3.6200988387524724e-11,1.0331291377951857e-08,3.7572021518439414e-06
74,74.0,Na,14.758320987373802,-8.170627670622072e-07,1.5926807930479744e-13,1.0331291377951857e-08,3.7572021518439414e-06
74,74.0,O,1093.7297591380332,-8.525199758185072e-05,1.9901905305512967e-11,1.0331291377951857e-08,3.7572021518439414e-06
74,74.0,Zz,0.0,0.0,0.0,1.0331291377951857e-08,3.7572021518439414e-06
75,75.0,Cl,14.758320981793538,-8.226430491925088e-07,1.7803587746732867e-13,1.0629719326971099e-08,3.757202150289629e-06
75,75.0,H,2187.459517111576,-0.00017166848397779231,3.888659248665709e-11,1.0629719326971099e-08,3.757202150289629e-06
75,75.0,Na,14.758320981793537,-8.22643049099124e-07,1.7616613577488922e-13,1.0629719326971099e-08,3.757202150289629e-06
75,75.0,O,1093.7297585557894,-8.583424197108349e-05,2.0562351951344815e-11,1.0629719326971099e-08,3.757202150289629e-06
75,75.0,Zz,0.0,0.0,0.0,1.0629719326971099e-08,3.757202150289629e-06
76,76.0,Cl,14.758320976250872,-8.281857184276172e-07,1.8050098824223956e-13,1.0743406164692715e-08,3.757202097443013e-06
76,76.0,H,2187.459515954936,-0.0001728251236756311,3.8247145928886964e-11,1.0743406164692715e-08,3.757202097443013e-06
76,76.0,Na,14.758320976250872,-8.281857183305702e-07,1.804039412422529e-13,1.0743406164692715e-08,3.757202097443013e-06
76,76.0,O,1093.72975797747,-8.641256181976851e-05,2.0924515321384812e-11,1.0743406164692715e-08,3.757202097443013e-06
76,76.0,Zz,0.0,0.0,0.0,1.0743406164692715e-08,3.757202097443013e-06
77,77.0,Cl,14.758320970745075,-8.336915255989207e-07,1.9096485274306763e-13,1.0629719326971099e-08,3.7572021411858003e-06
77,77.0,H,2187.459514805988,-0.0001739740708882956,3.762871267289254e-11,1.0629719326971099e-08,3.7572021411858003e-06
77,77.0,Na,14.758320970745073,-8.336915255055359e-07,1.8909511105062818e-13,1.0629719326971099e-08,3.7572021411858003e-06
77,77.0,O,1093.7297574029963,-8.698703542586638e-05,2.0842437991426196e-11,1.0629719326971099e-08,3.7572021411858003e-06
77,77.0,Zz,0.0,0.0,0.0,1.0629719326971099e-08,3.7572021411858003e-06
78,78.0,Cl,14.758320965275397,-8.391611968110011e-07,1.8413310967165837e-13,1.0587086762825493e-08,3.7572021422960233e-06
78,78.0,H,2187.4595136645826,-0.00017511547730947113,3.865835223552244e-11,1.0587086762825493e-08,3.7572021422960233e-06
78,78.0,Na,14.758320965275393,-8.391611967322649e-07,1.805016597276085e-13,1.0587086762825493e-08,3.7572021422960233e-06
78,78.0,O,1093.729756832293,-8.755773863621976e-05,2.0902276044450045e-11,1.0587086762825493e-08,3.7572021422960233e-06
78,78.0,Zz,0.0,0.0,0.0,1.0587086762825493e-08,3.7572021422960233e-06
79,79.0,Cl,14.758320959841164,-8.445954346171821e-07,1.8931984053823777e-13,1.0629719326971099e-08,3.7572021456266924e-06
79,79.0,H,2187.459512530571,-0.00017624948960029332,3.929481653258682e-11,1.0629719326971099e-08,3.7572021456266924e-06
79,79.0,Na,14.75832095984116,-8.445954345512633e-07,1.8570120810850398e-13,1.0629719326971099e-08,3.7572021456266924e-06
79,79.0,O,1093.7297562652866,-8.812474478139648e-05,2.05381527892479e-11,1.0629719326971099e-08,3.7572021456266924e-06
79,79.0,Zz,0.0,0.0,0.0,1.0629719326971099e-08,3.7572021456266924e-06
80,80.0,Cl,14.758320954441675,-8.499949191126798e-07,1.849593100553332e-13,1.0331291377951857e-08,3.7572021409637557e-06
80,80.0,H,2187.4595114038107,-0.00017737624979482087,3.9236243431790135e-11,1.0331291377951857e-08,3.7572021409637557e-06
80,80.0,Na,14.758320954441674,-8.499949190467611e-07,1.8311703446499965e-13,1.0331291377951857e-08,3.7572021409637557e-06
80,80.0,O,1093.7297557019074,-8.868812487842588e-05,2.141812656321785e-11,1.0331291377951857e-08,3.7572021409637557e-06
80,80.0,Zz,0.0,0.0,0.0,1.0331291377951857e-08,3.7572021409637557e-06
81,81.0,Cl,14.75832094907629,-8.553603088739434e-07,1.9013950500393334e-13,1.0629719326971099e-08,3.7572021434062464e-06
81,81.0,H,2187.4595102841663,-0.00017849589505956442,4.013443299488023e-11,1.0629719326971099e-08,3.7572021434062464e-06
81,81.0,Na,14.758320949076294,-8.553603088098557e-07,1.9362813100527428e-13,1.0629719326971099e-08,3.7572021434062464e-06
81,81.0,O,1093.7297551420857,-8.924794751056328e-05,2.2321734318244725e-11,1.0629719326971099e-08,3.7572021434062464e-06
81,81.0,Zz,0.0,0.0,0.0,1.0629719326971099e-08,3.7572021434062464e-06
82,82.0,Cl,14.758320943744371,-8.606922419291233e-07,2.0340011379555486e-13,1.0629719326971099e-08,3.757202158283235e-06
82,82.0,H,2187.4595091715037,-0.00017960855858740159,4.1031794335930766e-11,1.0629719326971099e-08,3.757202158283235e-06
82,82.0,Na,14.758320943744367,-8.606922418540492e-07,1.9977232599845243e-13,1.0629719326971099e-08,3.757202158283235e-06
82,82.0,O,1093.7297545857532,-8.980427927424748e-05,2.1633312234149195e-11,1.0629719326971099e-08,3.757202158283235e-06
82,82.0,Zz,0.0,0.0,0.0,1.0629719326971099e-08,3.757202158283235e-06
83,83.0,Cl,14.758320938445282,-8.659913366681147e-07,2.089716397657315e-13,1.0373923942097463e-08,3.757202152065986e-06
83,83.0,H,2187.4595080656927,-0.00018071436938991875,4.0882171481676846e-11,1.0373923942097463e-08,3.757202152065986e-06
83,83.0,Na,14.758320938445285,-8.659913366131823e-07,2.1246942102856196e-13,1.0373923942097463e-08,3.757202152065986e-06
83,83.0,O,1093.729754032849,-9.035718467527169e-05,2.292250848227699e-11,1.0373923942097463e-08,3.757202152065986e-06
83,83.0,Zz,0.0,0.0,0.0,1.0373923942097463e-08,3.757202152065986e-06
84,84.0,Cl,14.758320933178414,-8.712581926354114e-07,1.971081810097825e-13,1.0331291377951857e-08,3.757202160503681e-06
84,84.0,H,2187.45950696661,-0.000181813452627883,4.160979942763668e-11,1.0331291377951857e-08,3.757202160503681e-06
84,84.0,Na,14.758320933178416,-8.712581926006208e-07,1.988497472414237e-13,1.0331291377951857e-08,3.757202160503681e-06
84,84.0,O,1093.729753483307,-9.090672629401943e-05,2.237659337607934e-11,1.0331291377951857e-08,3.757202160503681e-06
84,84.0,Zz,0.0,0.0,0.0,1.0331291377951857e-08,3.757202160503681e-06
85,85.0,Cl,14.758320927943222,-8.764933913724003e-07,2.0400957464753242e-13,1.06439301816863e-08,3.757202091447809e-06
85,85.0,H,2187.4595058741343,-0.00018290592968577414,4.272686794214858e-11,1.06439301816863e-08,3.757202091447809e-06
85,85.0,Na,14.758320927943222,-8.764933913431029e-07,2.0398027726019455e-13,1.06439301816863e-08,3.757202091447809e-06
85,85.0,O,1093.7297529370692,-9.145296482273062e-05,2.316226693137389e-11,1.06439301816863e-08,3.757202091447809e-06
85,85.0,Zz,0.0,0.0,0.0,1.06439301816863e-08,3.757202091447809e-06
86,86.0,Cl,14.758320922739124,-8.816974971113372e-07,2.112630330828856e-13,1.0629719326971099e-08,3.7572021591714133e-06
86,86.0,H,2187.459504788144,-0.00018399191829178584,4.0998775365343534e-11,1.0629719326971099e-08,3.7572021591714133e-06
86,86.0,Na,14.75832092273912,-8.816974970820398e-07,2.0768102201674724e-13,1.0629719326971099e-08,3.7572021591714133e-06
86,86.0,O,1093.729752394074,-9.19959591255021e-05,2.2297986265566727e-11,1.0629719326971099e-08,3.7572021591714133e-06
86,86.0,Zz,0.0,0.0,0.0,1.0629719326971099e-08,3.7572021591714133e-06
87,87.0,Cl,14.758320917565554,-8.868710575260867e-07,2.0166094614946204e-13,1.0587086762825493e-08,3.7572021573950565e-06
87,87.0,H,2187.4595037085305,-0.00018507153235516787,4.1650154598013925e-11,1.0587086762825493e-08,3.7572021573950565e-06
87,87.0,Na,14.758320917565555,-8.868710574729854e-07,2.0338420164636598e-13,1.0587086762825493e-08,3.7572021573950565e-06
87,87.0,O,1093.7297518542678,-9.253576615695874e-05,2.307818885538375e-11,1.0587086762825493e-08,3.7572021573950565e-06
87,87.0,Zz,0.0,0.0,0.0,1.0587086762825493e-08,3.7572021573950565e-06
88,88.0,Cl,14.75832091242202,-8.920146043766603e-07,2.1491248067711963e-13,1.0615508472255897e-08,3.757202163168216e-06
88,88.0,H,2187.4595026351794,-0.00018614488345874072,4.16674937012574e-11,1.0615508472255897e-08,3.757202163168216e-06
88,88.0,Na,14.75832091242202,-8.920146043308833e-07,2.1486670362851822e-13,1.0615508472255897e-08,3.757202163168216e-06
88,88.0,O,1093.7297513175918,-9.307244170851078e-05,2.2631876678714385e-11,1.0615508472255897e-08,3.757202163168216e-06
88,88.0,Zz,0.0,0.0,0.0,1.0615508472255897e-08,3.757202163168216e-06
89,89.0,Cl,14.758320907307985,-8.971286541958681e-07,2.2931432448714765e-13,1.0828671292983927e-08,3.7572021585052795e-06
89,89.0,H,2187.4595015679865,-0.00018721207917653533,4.448768027684631e-11,1.0828671292983927e-08,3.7572021585052795e-06
89,89.0,Na,14.758320907307986,-8.971286541555843e-07,2.3105039749836767e-13,1.0828671292983927e-08,3.7572021585052795e-06
89,89.0,O,1093.7297507839953,-9.360603956717371e-05,2.4041735589104204e-11,1.0828671292983927e-08,3.7572021585052795e-06
89,89.0,Zz,0.0,0.0,0.0,1.0828671292983927e-08,3.7572021585052795e-06
90,90.0,Cl,14.758320902222927,-9.022137088514586e-07,2.262616720612309e-13,1.0629719326971099e-08,3.757202156506878e-06
90,90.0,H,2187.459500506842,-0.00018827322425364848,4.480695217526191e-11,1.0629719326971099e-08,3.757202156506878e-06
90,90.0,Na,14.758320902222927,-9.022137088075126e-07,2.262177260861032e-13,1.0629719326971099e-08,3.757202156506878e-06
90,90.0,O,1093.729750253423,-9.413661210549591e-05,2.4201137160907368e-11,1.0629719326971099e-08,3.757202156506878e-06
90,90.0,Zz,0.0,0.0,0.0,1.0629719326971099e-08,3.757202156506878e-06
91,91.0,Cl,14.758320897166385,-9.072702561283995e-07,2.3168671300054233e-13,1.0615508472255897e-08,3.7572021673870637e-06
91,91.0,H,2187.4594994516447,-0.00018932842058702379,4.4023088478653896e-11,1.0615508472255897e-08,3.7572021673870637e-06
91,91.0,Na,14.758320897166387,-9.072702560789603e-07,2.334136306443937e-13,1.0615508472255897e-08,3.7572021673870637e-06
91,91.0,O,1093.7297497258241,-9.466421027194919e-05,2.358159725975549e-11,1.0615508472255897e-08,3.7572021673870637e-06
91,91.0,Zz,0.0,0.0,0.0,1.0615508472255897e-08,3.7572021673870637e-06
92,92.0,Cl,14.758320892137867,-9.122987702836928e-07,2.277956047888743e-13,1.0857093002414331e-08,3.7572021591714133e-06
92,92.0,H,2187.4594984023,-0.00019037776694326146,4.586049305609942e-11,1.0857093002414331e-08,3.7572021591714133e-06
92,92.0,Na,14.758320892137872,-9.122987702379158e-07,2.3307889825847363e-13,1.0857093002414331e-08,3.7572021591714133e-06
92,92.0,O,1093.729749201152,-9.51888834503024e-05,2.450053392588289e-11,1.0857093002414331e-08,3.7572021591714133e-06
92,92.0,Zz,0.0,0.0,0.0,1.0857093002414331e-08,3.7572021591714133e-06
93,93.0,Cl,14.758320887136927,-9.172997125664e-07,2.2997184207102503e-13,1.0615508472255897e-08,3.7572021567289227e-06
93,93.0,H,2187.4594973587064,-0.00019142135939971642,4.453311422967024e-11,1.0615508472255897e-08,3.7572021567289227e-06
93,93.0,Na,14.758320887136927,-9.172997125352716e-07,2.2994071361021344e-13,1.0615508472255897e-08,3.7572021567289227e-06
93,93.0,O,1093.7297486793552,-9.571067967782675e-05,2.406351505589762e-11,1.0615508472255897e-08,3.7572021567289227e-06
93,93.0,Zz,0.0,0.0,0.0,1.0615508472255897e-08,3.7572021567289227e-06
94,94.0,Cl,14.758320882163108,-9.222735317175241e-07,2.304327202150435e-13,1.0587086762825493e-08,3.7572021209797413e-06
94,94.0,H,2187.4594963207737,-0.00019245929186622218,4.436555739754586e-11,1.0587086762825493e-08,3.7572021209797413e-06
94,94.0,Na,14.758320882163105,-9.222735316937199e-07,2.2685620236932632e-13,1.0587086762825493e-08,3.7572021209797413e-06
94,94.0,O,1093.7297481603894,-9.622964591084525e-05,2.4434249613317256e-11,1.0587086762825493e-08,3.7572021209797413e-06
94,94.0,Zz,0.0,0.0,0.0,1.0587086762825493e-08,3.7572021209797413e-06
95,95.0,Cl,14.75832087721598,-9.272206644424269e-07,2.342288890564559e-13,1.0615508472255897e-08,3.7572021518439414e-06
95,95.0,H,2187.4594952884113,-0.0001934916555886797,4.565425332702863e-11,1.0615508472255897e-08,3.7572021518439414e-06
95,95.0,Na,14.758320877215978,-9.272206644058052e-07,2.324159105358229e-13,1.0615508472255897e-08,3.7572021518439414e-06
95,95.0,O,1093.729747644207,-9.674582777183964e-05,2.3941494823437846e-11,1.0615508472255897e-08,3.7572021518439414e-06
95,95.0,Zz,0.0,0.0,0.0,1.0615508472255897e-08,3.7572021518439414e-06
96,96.0,Cl,14.75832087229512,-9.321415358338067e-07,2.4545647594373637e-13,1.0331291377951857e-08,3.757202164500484e-06
96,96.0,H,2187.4594942615277,-0.00019451853894796167,4.5375857178663395e-11,1.0331291377951857e-08,3.757202164500484e-06
96,96.0,Na,14.758320872295121,-9.321415357916918e-07,2.4719071788148266e-13,1.0331291377951857e-08,3.757202164500484e-06
96,96.0,O,1093.7297471307668,-9.725926945124624e-05,2.5393678099953215e-11,1.0331291377951857e-08,3.757202164500484e-06
96,96.0,Zz,0.0,0.0,0.0,1.0331291377951857e-08,3.757202164500484e-06
97,97.0,Cl,14.75832086740009,-9.370365598001694e-07,2.4104020434015535e-13,1.1098677532572765e-08,3.757202132304016e-06
97,97.0,H,2187.459493240039,-0.00019554002868758084,4.660036915268666e-11,1.1098677532572765e-08,3.757202132304016e-06
97,97.0,Na,14.758320867400087,-9.370365597324195e-07,2.374197407310687e-13,1.1098677532572765e-08,3.757202132304016e-06
97,97.0,O,1093.7297466200218,-9.777001432082145e-05,2.5323578683230513e-11,1.1098677532572765e-08,3.757202132304016e-06
97,97.0,Zz,0.0,0.0,0.0,1.1098677532572765e-08,3.757202132304016e-06
98,98.0,Cl,14.758320862530507,-9.419061395144413e-07,2.369072094591355e-13,1.0686562745831907e-08,3.757202128529258e-06
98,98.0,H,2187.4594922238603,-0.00019655620852805135,4.7555801419192634e-11,1.0686562745831907e-08,3.757202128529258e-06
98,98.0,Na,14.758320862530507,-9.419061394430292e-07,2.368357973819019e-13,1.0686562745831907e-08,3.757202128529258e-06
98,98.0,O,1093.7297461119322,-9.827810424082232e-05,2.5573686763635632e-11,1.0686562745831907e-08,3.757202128529258e-06
98,98.0,Zz,0.0,0.0,0.0,1.0686562745831907e-08,3.757202128529258e-06
99,99.0,Cl,14.758320857685986,-9.467506677398999e-07,2.439040483575688e-13,1.0629719326971099e-08,3.7572021100995556e-06
99,99.0,H,2187.459491212907,-0.00019756716091440601,4.6558926879896115e-11,1.0629719326971099e-08,3.7572021100995556e-06
99,99.0,Na,14.758320857685984,-9.467506676886296e-07,2.4207642124914595e-13,1.0629719326971099e-08,3.7572021100995556e-06
99,99.0,O,1093.7297456064557,-9.878358043376528e-05,2.5302388792025968e-11,1.0629719326971099e-08,3.7572021100995556e-06
99,99.0,Zz,0.0,0.0,0.0,1.0629719326971099e-08,3.7572021100995556e-06
100,100.0,Cl,14.75832085286613,-9.515705272806179e-07,2.469308618316713e-13,1.0601297617540695e-08,3.757202160503681e-06
100,100.0,H,2187.4594902071035,-0.00019857296537836763,4.765340807502336e-11,1.0601297617540695e-08,3.757202160503681e-06
100,100.0,Na,14.758320852866133,-9.515705272293477e-07,2.5043230524144923e-13,1.0601297617540695e-08,3.757202160503681e-06
100,100.0,O,1093.7297451035536,-9.928648266551171e-05,2.5394647661298488e-11,1.0601297617540695e-08,3.757202160503681e-06
100,100.0,Zz,0.0,0.0,0.0,1.0601297617540695e-08,3.757202160503681e-06
